Stnno,Year,Month,Day,Rainfall,Day mean wind,Solar Radioation ( MJm-2)
48650,2008,1,1,0.0,2.9,16.70
48650,2008,1,2,0.0,2.5,15.48
48650,2008,1,3,0.0,2.6,9.82
48650,2008,1,4,14.4,1.9,14.86
48650,2008,1,5,34.4,1.7,11.00
48650,2008,1,6,32.4,1.6,14.44
48650,2008,1,7,10.2,1.2,10.87
48650,2008,1,8,10.8,1.1,8.77
48650,2008,1,9,9.2,1.2,10.02
48650,2008,1,10,0.0,1.3,20.65
48650,2008,1,11,19.6,1.4,14.70
48650,2008,1,12,4.8,1.5,18.37
48650,2008,1,13,0.8,1.0,8.99
48650,2008,1,14,1.6,1.5,13.92
48650,2008,1,15,0.0,1.4,18.26
48650,2008,1,16,0.0,1.6,17.56
48650,2008,1,17,0.0,1.9,17.49
48650,2008,1,18,0.0,2.2,6.49
48650,2008,1,19,0.0,1.9,16.24
48650,2008,1,20,0.0,1.7,16.60
48650,2008,1,21,0.2,1.9,18.85
48650,2008,1,22,0.0,2.9,22.44
48650,2008,1,23,0.0,2.8,19.66
48650,2008,1,24,0.0,1.8,18.08
48650,2008,1,25,0.4,2.4,20.47
48650,2008,1,26,0.0,2.7,22.23
48650,2008,1,27,33.0,3.6,20.62
48650,2008,1,28,3.8,2.5,17.06
48650,2008,1,29,17.2,2.1,13.92
48650,2008,1,30,3.8,1.3,19.89
48650,2008,1,31,0.0,1.8,14.72
48650,2008,2,1,0.4,1.5,9.46
48650,2008,2,2,5.4,1.7,11.53
48650,2008,2,3,0.8,1.7,17.55
48650,2008,2,4,0.0,2.7,8.28
48650,2008,2,5,0.0,2.0,17.38
48650,2008,2,6,0.0,2.0,22.56
48650,2008,2,7,0.0,3.1,23.38
48650,2008,2,8,0.0,2.0,15.35
48650,2008,2,9,0.0,2.4,19.75
48650,2008,2,10,0.0,2.0,20.23
48650,2008,2,11,0.0,2.5,15.99
48650,2008,2,12,0.0,2.3,18.20
48650,2008,2,13,0.0,2.1,18.41
48650,2008,2,14,0.0,2.8,17.01
48650,2008,2,15,0.0,2.8,16.12
48650,2008,2,16,0.0,1.9,17.53
48650,2008,2,17,2.2,2.0,18.04
48650,2008,2,18,0.0,3.9,19.86
48650,2008,2,19,0.0,2.2,22.39
48650,2008,2,20,0.0,2.7,15.69
48650,2008,2,21,0.0,1.7,-1.11
48650,2008,2,22,0.0,1.5,15.84
48650,2008,2,23,0.0,1.3,17.60
48650,2008,2,24,0.0,1.4,17.46
48650,2008,2,25,5.0,1.3,-1.11
48650,2008,2,26,2.0,2.0,11.49
48650,2008,2,27,15.0,1.5,16.59
48650,2008,2,28,65.8,1.7,7.25
48650,2008,2,29,0.0,1.2,12.71
48650,2008,3,1,0.6,1.8,10.73
48650,2008,3,2,0.0,2.3,19.29
48650,2008,3,3,30.2,1.5,10.07
48650,2008,3,4,0.0,1.4,12.20
48650,2008,3,5,0.0,2.4,16.15
48650,2008,3,6,0.0,1.7,9.97
48650,2008,3,7,8.8,1.5,10.59
48650,2008,3,8,27.4,1.8,14.15
48650,2008,3,9,0.0,3.1,18.75
48650,2008,3,10,5.6,1.6,13.67
48650,2008,3,11,34.2,1.5,14.59
48650,2008,3,12,6.2,1.7,9.94
48650,2008,3,13,0.0,2.4,13.30
48650,2008,3,14,11.0,1.6,17.47
48650,2008,3,15,0.0,2.2,14.39
48650,2008,3,16,0.0,2.3,22.27
48650,2008,3,17,20.6,2.2,22.12
48650,2008,3,18,1.4,1.6,16.99
48650,2008,3,19,5.0,1.6,8.88
48650,2008,3,20,4.6,1.2,16.43
48650,2008,3,21,15.2,1.5,16.36
48650,2008,3,22,11.4,1.7,11.68
48650,2008,3,23,34.8,1.6,20.27
48650,2008,3,24,14.4,1.8,17.36
48650,2008,3,25,0.2,1.9,16.62
48650,2008,3,26,0.0,1.8,11.95
48650,2008,3,27,0.0,1.3,25.25
48650,2008,3,28,0.2,1.7,17.40
48650,2008,3,29,0.0,1.3,16.48
48650,2008,3,30,10.8,1.8,-1.11
48650,2008,3,31,0.0,1.6,21.87
48650,2008,4,1,0.0,1.6,14.55
48650,2008,4,2,0.2,2.2,21.35
48650,2008,4,3,14.6,1.5,12.01
48650,2008,4,4,2.2,1.1,13.68
48650,2008,4,5,0.8,1.6,20.51
48650,2008,4,6,0.0,1.4,16.18
48650,2008,4,7,1.2,1.0,17.89
48650,2008,4,8,9.0,1.5,10.45
48650,2008,4,9,0.2,1.4,21.92
48650,2008,4,10,26.2,1.8,11.21
48650,2008,4,11,0.6,1.3,14.58
48650,2008,4,12,3.4,1.5,15.88
48650,2008,4,13,0.4,2.0,19.06
48650,2008,4,14,0.6,1.7,15.19
48650,2008,4,15,34.0,1.4,21.56
48650,2008,4,16,15.0,1.7,14.98
48650,2008,4,17,0.6,1.4,18.03
48650,2008,4,18,0.8,1.9,17.34
48650,2008,4,19,3.2,1.6,18.75
48650,2008,4,20,0.0,1.7,18.66
48650,2008,4,21,1.6,1.4,17.48
48650,2008,4,22,50.0,2.2,15.34
48650,2008,4,23,4.0,1.9,17.76
48650,2008,4,24,9.6,1.5,9.85
48650,2008,4,25,0.0,1.3,16.03
48650,2008,4,26,0.0,1.6,23.75
48650,2008,4,27,0.0,1.6,18.55
48650,2008,4,28,0.0,1.5,11.68
48650,2008,4,29,8.2,1.4,19.17
48650,2008,4,30,0.0,1.4,18.75
48650,2008,5,1,0.0,1.5,18.47
48650,2008,5,2,0.0,1.4,14.77
48650,2008,5,3,0.0,1.6,16.55
48650,2008,5,4,0.0,1.6,21.39
48650,2008,5,5,0.0,1.5,17.73
48650,2008,5,6,4.8,1.3,13.63
48650,2008,5,7,0.0,1.5,16.60
48650,2008,5,8,0.0,1.2,12.74
48650,2008,5,9,2.6,1.1,16.12
48650,2008,5,10,0.0,1.3,22.51
48650,2008,5,11,0.0,1.1,14.98
48650,2008,5,12,0.0,1.4,18.38
48650,2008,5,13,0.0,1.5,20.94
48650,2008,5,14,0.0,1.7,17.49
48650,2008,5,15,0.0,1.5,19.08
48650,2008,5,16,0.0,1.8,20.52
48650,2008,5,17,0.0,1.4,19.10
48650,2008,5,18,69.0,1.5,7.09
48650,2008,5,19,0.0,1.9,17.37
48650,2008,5,20,0.0,1.4,17.74
48650,2008,5,21,0.0,1.6,15.05
48650,2008,5,22,0.0,1.7,16.51
48650,2008,5,23,0.0,1.8,18.31
48650,2008,5,24,0.0,1.4,15.63
48650,2008,5,25,0.0,1.4,12.36
48650,2008,5,26,0.0,1.3,14.75
48650,2008,5,27,1.6,2.2,17.86
48650,2008,5,28,0.0,2.0,18.20
48650,2008,5,29,0.0,2.2,16.39
48650,2008,5,30,3.8,1.5,15.05
48650,2008,5,31,0.0,1.9,19.00
48650,2008,6,1,0.0,1.7,18.20
48650,2008,6,2,10.2,1.4,10.61
48650,2008,6,3,0.0,1.7,13.09
48650,2008,6,4,0.0,1.4,15.26
48650,2008,6,5,0.0,1.5,16.30
48650,2008,6,6,0.0,1.4,18.69
48650,2008,6,7,103.2,1.5,12.26
48650,2008,6,8,1.8,2.1,10.23
48650,2008,6,9,0.0,1.5,18.82
48650,2008,6,10,3.0,1.4,17.28
48650,2008,6,11,0.0,1.9,18.64
48650,2008,6,12,0.0,1.8,19.96
48650,2008,6,13,0.0,1.5,22.51
48650,2008,6,14,0.0,2.1,14.03
48650,2008,6,15,0.0,1.8,17.53
48650,2008,6,16,22.2,1.9,8.62
48650,2008,6,17,0.0,2.1,22.14
48650,2008,6,18,1.2,1.7,8.81
48650,2008,6,19,0.0,2.0,17.42
48650,2008,6,20,0.0,1.6,20.18
48650,2008,6,21,0.0,1.7,14.40
48650,2008,6,22,0.0,1.5,13.58
48650,2008,6,23,0.0,1.6,15.32
48650,2008,6,24,13.6,2.1,6.00
48650,2008,6,25,0.0,2.4,-1.11
48650,2008,6,26,0.0,2.4,-1.11
48650,2008,6,27,0.0,1.6,-1.11
48650,2008,6,28,0.0,1.6,-1.11
48650,2008,6,29,11.6,2.2,-1.11
48650,2008,6,30,33.0,1.0,-1.11
48650,2008,7,1,0.0,1.8,-1.11
48650,2008,7,2,0.0,2.1,-1.11
48650,2008,7,3,0.6,1.3,-1.11
48650,2008,7,4,0.0,2.2,-1.11
48650,2008,7,5,0.0,2.5,-1.11
48650,2008,7,6,0.0,2.5,-1.11
48650,2008,7,7,10.0,3.1,-1.11
48650,2008,7,8,3.6,2.4,-1.11
48650,2008,7,9,0.0,2.0,-1.11
48650,2008,7,10,31.2,1.7,-1.11
48650,2008,7,11,0.0,1.4,-1.11
48650,2008,7,12,0.0,1.8,-1.11
48650,2008,7,13,3.6,1.9,-1.11
48650,2008,7,14,2.8,1.2,-1.11
48650,2008,7,15,1.8,1.4,-1.11
48650,2008,7,16,23.8,1.4,-1.11
48650,2008,7,17,32.0,2.1,-1.11
48650,2008,7,18,0.0,2.4,-1.11
48650,2008,7,19,22.8,2.6,-1.11
48650,2008,7,20,0.4,1.4,-1.11
48650,2008,7,21,0.0,1.6,-1.11
48650,2008,7,22,6.6,1.5,-1.11
48650,2008,7,23,0.0,1.7,-1.11
48650,2008,7,24,0.0,1.5,-1.11
48650,2008,7,25,0.2,1.7,-1.11
48650,2008,7,26,0.0,2.2,-1.11
48650,2008,7,27,0.0,2.2,-1.11
48650,2008,7,28,0.0,1.7,-1.11
48650,2008,7,29,0.0,1.4,-1.11
48650,2008,7,30,0.0,3.0,-1.11
48650,2008,7,31,0.0,3.0,-1.11
48650,2008,8,1,0.0,3.0,-1.11
48650,2008,8,2,0.6,2.2,-1.11
48650,2008,8,3,2.6,2.1,-1.11
48650,2008,8,4,0.0,2.9,-1.11
48650,2008,8,5,0.4,2.2,-1.11
48650,2008,8,6,24.0,3.1,-1.11
48650,2008,8,7,2.6,1.9,-1.11
48650,2008,8,8,0.0,2.3,-1.11
48650,2008,8,9,0.0,2.2,-1.11
48650,2008,8,10,0.0,2.2,-1.11
48650,2008,8,11,0.0,2.5,-1.11
48650,2008,8,12,0.0,1.6,-1.11
48650,2008,8,13,0.0,1.9,-1.11
48650,2008,8,14,0.0,2.2,-1.11
48650,2008,8,15,0.0,2.2,-1.11
48650,2008,8,16,0.0,2.5,-1.11
48650,2008,8,17,0.0,2.3,-1.11
48650,2008,8,18,8.0,1.9,-1.11
48650,2008,8,19,0.0,1.5,-1.11
48650,2008,8,20,0.0,1.9,-1.11
48650,2008,8,21,13.8,1.1,-1.11
48650,2008,8,22,11.6,1.3,-1.11
48650,2008,8,23,0.0,1.5,-1.11
48650,2008,8,24,33.6,1.5,-1.11
48650,2008,8,25,0.4,1.7,-1.11
48650,2008,8,26,1.6,2.2,-1.11
48650,2008,8,27,33.0,1.6,-1.11
48650,2008,8,28,3.2,1.2,-1.11
48650,2008,8,29,0.0,1.3,-1.11
48650,2008,8,30,0.0,1.6,-1.11
48650,2008,8,31,0.0,1.4,-1.11
48650,2008,9,1,6.2,1.8,-1.11
48650,2008,9,2,0.0,1.4,-1.11
48650,2008,9,3,0.4,1.4,-1.11
48650,2008,9,4,15.4,1.3,-1.11
48650,2008,9,5,0.0,1.5,-1.11
48650,2008,9,6,20.0,1.6,-1.11
48650,2008,9,7,0.0,1.6,-1.11
48650,2008,9,8,0.6,1.8,-1.11
48650,2008,9,9,0.0,1.7,-1.11
48650,2008,9,10,0.2,1.3,-1.11
48650,2008,9,11,26.8,2.3,-1.11
48650,2008,9,12,7.8,2.1,-1.11
48650,2008,9,13,0.0,1.7,-1.11
48650,2008,9,14,1.6,1.8,-1.11
48650,2008,9,15,0.4,1.5,-1.11
48650,2008,9,16,0.0,1.2,-1.11
48650,2008,9,17,0.0,1.6,-1.11
48650,2008,9,18,0.0,2.3,-1.11
48650,2008,9,19,0.0,2.7,-1.11
48650,2008,9,20,0.0,1.8,-1.11
48650,2008,9,21,4.2,1.7,-1.11
48650,2008,9,22,0.0,1.3,-1.11
48650,2008,9,23,0.0,1.4,-1.11
48650,2008,9,24,0.0,1.7,-1.11
48650,2008,9,25,0.0,1.2,-1.11
48650,2008,9,26,0.2,1.4,-1.11
48650,2008,9,27,0.0,1.5,-1.11
48650,2008,9,28,0.0,1.5,-1.11
48650,2008,9,29,0.0,1.1,-1.11
48650,2008,9,30,3.8,2.7,-1.11
48650,2008,10,1,0.8,1.5,-1.11
48650,2008,10,2,0.0,1.7,-1.11
48650,2008,10,3,36.0,1.5,-1.11
48650,2008,10,4,0.0,1.4,-1.11
48650,2008,10,5,4.0,1.5,-1.11
48650,2008,10,6,0.8,1.6,-1.11
48650,2008,10,7,69.8,1.3,-1.11
48650,2008,10,8,0.0,1.1,-1.11
48650,2008,10,9,5.8,1.4,-1.11
48650,2008,10,10,1.2,1.1,-1.11
48650,2008,10,11,0.0,1.5,-1.11
48650,2008,10,12,3.4,1.7,-1.11
48650,2008,10,13,8.4,1.3,-1.11
48650,2008,10,14,0.0,1.4,-1.11
48650,2008,10,15,19.8,1.9,-1.11
48650,2008,10,16,35.6,1.9,-1.11
48650,2008,10,17,0.0,1.2,-1.11
48650,2008,10,18,10.0,1.0,-1.11
48650,2008,10,19,12.4,1.5,-1.11
48650,2008,10,20,15.4,1.5,-1.11
48650,2008,10,21,1.2,1.8,-1.11
48650,2008,10,22,0.4,3.1,-1.11
48650,2008,10,23,1.2,1.8,-1.11
48650,2008,10,24,0.0,1.2,-1.11
48650,2008,10,25,0.0,1.8,-1.11
48650,2008,10,26,0.0,1.3,-1.11
48650,2008,10,27,0.0,1.2,-1.11
48650,2008,10,28,0.0,1.7,-1.11
48650,2008,10,29,0.0,1.5,-1.11
48650,2008,10,30,0.0,1.3,-1.11
48650,2008,10,31,0.0,1.3,-1.11
48650,2008,11,1,0.0,1.3,-1.11
48650,2008,11,2,15.6,1.6,-1.11
48650,2008,11,3,0.0,1.1,-1.11
48650,2008,11,4,1.8,1.1,-1.11
48650,2008,11,5,7.6,1.2,-1.11
48650,2008,11,6,0.6,1.6,-1.11
48650,2008,11,7,0.0,1.7,-1.11
48650,2008,11,8,0.0,1.7,-1.11
48650,2008,11,9,0.0,1.6,-1.11
48650,2008,11,10,27.2,1.6,-1.11
48650,2008,11,11,0.0,1.3,-1.11
48650,2008,11,12,0.0,1.6,-1.11
48650,2008,11,13,0.0,1.2,-1.11
48650,2008,11,14,6.0,1.7,-1.11
48650,2008,11,15,41.4,0.8,-1.11
48650,2008,11,16,2.6,0.9,-1.11
48650,2008,11,17,42.4,1.2,-1.11
48650,2008,11,18,1.2,1.0,-1.11
48650,2008,11,19,38.0,1.0,-1.11
48650,2008,11,20,23.6,1.2,-1.11
48650,2008,11,21,10.6,1.4,-1.11
48650,2008,11,22,0.0,1.3,-1.11
48650,2008,11,23,9.6,1.8,-1.11
48650,2008,11,24,0.0,1.7,-1.11
48650,2008,11,25,7.2,1.4,-1.11
48650,2008,11,26,15.0,1.5,-1.11
48650,2008,11,27,11.0,1.6,-1.11
48650,2008,11,28,38.8,1.1,-1.11
48650,2008,11,29,0.0,1.5,-1.11
48650,2008,11,30,0.0,1.1,-1.11
48650,2008,12,1,0.0,1.1,-1.11
48650,2008,12,2,0.0,1.3,-1.11
48650,2008,12,3,0.0,1.1,-1.11
48650,2008,12,4,8.8,1.1,-1.11
48650,2008,12,5,11.6,1.4,-1.11
48650,2008,12,6,10.4,1.0,-1.11
48650,2008,12,7,61.2,0.6,-1.11
48650,2008,12,8,21.0,0.3,-1.11
48650,2008,12,9,0.4,1.1,-1.11
48650,2008,12,10,1.4,1.1,-1.11
48650,2008,12,11,12.4,1.3,-1.11
48650,2008,12,12,2.2,0.8,-1.11
48650,2008,12,13,14.0,1.7,-1.11
48650,2008,12,14,40.4,0.7,-1.11
48650,2008,12,15,0.0,1.0,-1.11
48650,2008,12,16,0.0,2.1,-1.11
48650,2008,12,17,0.0,2.8,-1.11
48650,2008,12,18,0.0,2.7,-1.11
48650,2008,12,19,0.0,2.1,-1.11
48650,2008,12,20,0.0,2.4,-1.11
48650,2008,12,21,0.0,2.3,-1.11
48650,2008,12,22,0.0,1.8,-1.11
48650,2008,12,23,0.0,2.7,-1.11
48650,2008,12,24,0.0,1.4,-1.11
48650,2008,12,25,15.0,1.4,-1.11
48650,2008,12,26,0.6,0.9,-1.11
48650,2008,12,27,0.6,1.5,-1.11
48650,2008,12,28,0.0,1.7,-1.11
48650,2008,12,29,0.0,1.6,-1.11
48650,2008,12,30,0.0,2.0,-1.11
48650,2008,12,31,0.0,2.1,-1.11
48650,2009,1,1,0.4,1.0,-1.11
48650,2009,1,2,0.0,1.9,-1.11
48650,2009,1,3,0.0,1.3,-1.11
48650,2009,1,4,0.0,1.5,-1.11
48650,2009,1,5,0.0,2.1,-1.11
48650,2009,1,6,0.0,1.2,-1.11
48650,2009,1,7,0.6,1.3,-1.11
48650,2009,1,8,11.2,1.2,-1.11
48650,2009,1,9,1.6,1.2,-1.11
48650,2009,1,10,0.0,1.1,-1.11
48650,2009,1,11,0.0,0.8,-1.11
48650,2009,1,12,0.0,1.5,-1.11
48650,2009,1,13,0.0,4.1,-1.11
48650,2009,1,14,0.0,4.2,-1.11
48650,2009,1,15,0.0,3.9,-1.11
48650,2009,1,16,0.0,2.8,-1.11
48650,2009,1,17,0.0,4.0,-1.11
48650,2009,1,18,0.0,3.5,-1.11
48650,2009,1,19,0.0,2.3,-1.11
48650,2009,1,20,0.0,1.4,-1.11
48650,2009,1,21,0.0,1.6,-1.11
48650,2009,1,22,0.0,1.1,-1.11
48650,2009,1,23,0.0,1.7,21.29
48650,2009,1,24,0.0,2.4,23.72
48650,2009,1,25,7.0,3.6,16.53
48650,2009,1,26,0.0,2.9,19.15
48650,2009,1,27,1.0,1.8,18.95
48650,2009,1,28,22.2,3.0,21.10
48650,2009,1,29,1.2,1.3,15.40
48650,2009,1,30,14.4,1.3,13.29
48650,2009,1,31,0.0,1.0,13.08
48650,2009,2,1,0.0,1.4,9.87
48650,2009,2,2,0.4,1.8,20.30
48650,2009,2,3,7.2,1.2,12.77
48650,2009,2,4,0.0,1.3,19.32
48650,2009,2,5,0.0,1.3,15.79
48650,2009,2,6,0.0,1.3,14.41
48650,2009,2,7,0.0,1.0,17.64
48650,2009,2,8,7.4,1.6,21.25
48650,2009,2,9,0.0,1.4,16.62
48650,2009,2,10,0.0,1.3,17.62
48650,2009,2,11,0.0,1.1,19.25
48650,2009,2,12,0.0,0.9,11.25
48650,2009,2,13,0.0,1.7,17.25
48650,2009,2,14,0.0,1.6,17.10
48650,2009,2,15,0.0,1.1,18.53
48650,2009,2,16,0.0,1.2,16.42
48650,2009,2,17,1.0,1.7,-1.11
48650,2009,2,18,0.0,1.5,-1.11
48650,2009,2,19,0.0,1.5,23.15
48650,2009,2,20,0.0,1.5,19.06
48650,2009,2,21,1.4,1.6,19.08
48650,2009,2,22,2.0,1.3,12.12
48650,2009,2,23,5.8,1.5,14.65
48650,2009,2,24,64.8,1.0,17.54
48650,2009,2,25,12.0,1.4,19.82
48650,2009,2,26,31.6,1.2,14.59
48650,2009,2,27,0.0,1.4,15.83
48650,2009,2,28,0.8,2.1,18.51
48650,2009,3,1,8.0,1.4,17.13
48650,2009,3,2,0.0,1.6,21.44
48650,2009,3,3,0.0,1.8,16.90
48650,2009,3,4,0.0,1.0,21.22
48650,2009,3,5,20.2,0.9,4.98
48650,2009,3,6,5.4,0.8,11.60
48650,2009,3,7,43.6,1.1,9.84
48650,2009,3,8,0.0,1.3,25.39
48650,2009,3,9,3.2,1.9,7.66
48650,2009,3,10,0.0,1.4,20.98
48650,2009,3,11,1.8,1.7,15.95
48650,2009,3,12,7.4,1.2,24.51
48650,2009,3,13,5.2,1.1,8.86
48650,2009,3,14,0.2,2.3,18.65
48650,2009,3,15,5.4,1.5,23.15
48650,2009,3,16,0.0,1.0,13.16
48650,2009,3,17,8.2,0.7,9.75
48650,2009,3,18,1.0,1.9,20.49
48650,2009,3,19,7.8,1.0,16.19
48650,2009,3,20,26.0,1.4,17.65
48650,2009,3,21,0.0,1.4,22.40
48650,2009,3,22,0.0,1.3,18.78
48650,2009,3,23,0.0,1.7,25.73
48650,2009,3,24,108.8,0.9,3.06
48650,2009,3,25,0.0,1.5,18.54
48650,2009,3,26,6.4,1.4,12.38
48650,2009,3,27,0.0,1.1,16.79
48650,2009,3,28,0.0,1.5,22.04
48650,2009,3,29,0.0,1.7,16.62
48650,2009,3,30,65.4,1.4,19.08
48650,2009,3,31,0.0,1.4,21.82
48650,2009,4,1,2.8,1.4,25.71
48650,2009,4,2,16.6,0.8,15.59
48650,2009,4,3,1.0,1.0,16.12
48650,2009,4,4,8.8,1.3,16.73
48650,2009,4,5,54.8,1.2,16.04
48650,2009,4,6,27.8,0.9,14.91
48650,2009,4,7,0.0,1.4,16.70
48650,2009,4,8,0.0,2.1,-1.11
48650,2009,4,9,15.0,1.8,15.08
48650,2009,4,10,45.2,0.9,-1.11
48650,2009,4,11,27.6,1.5,-1.11
48650,2009,4,12,58.0,1.4,11.14
48650,2009,4,13,15.4,1.4,16.78
48650,2009,4,14,20.6,1.2,18.21
48650,2009,4,15,0.4,1.1,13.35
48650,2009,4,16,0.0,1.3,21.74
48650,2009,4,17,0.0,1.5,25.01
48650,2009,4,18,0.0,1.4,24.15
48650,2009,4,19,0.0,1.6,12.17
48650,2009,4,20,25.6,2.3,25.24
48650,2009,4,21,0.0,3.1,15.06
48650,2009,4,22,0.0,2.0,22.25
48650,2009,4,23,0.0,1.9,22.69
48650,2009,4,24,0.0,1.6,23.94
48650,2009,4,25,0.0,1.5,21.16
48650,2009,4,26,0.0,1.4,15.02
48650,2009,4,27,0.2,1.1,15.68
48650,2009,4,28,0.0,1.3,19.64
48650,2009,4,29,0.0,1.7,20.47
48650,2009,4,30,0.0,1.2,13.38
48650,2009,5,1,1.2,1.6,21.70
48650,2009,5,2,1.2,1.2,15.69
48650,2009,5,3,0.2,2.7,19.89
48650,2009,5,4,0.0,2.2,20.85
48650,2009,5,5,0.4,1.6,20.65
48650,2009,5,6,0.0,1.5,17.04
48650,2009,5,7,0.0,1.8,23.42
48650,2009,5,8,0.2,1.6,17.99
48650,2009,5,9,0.0,1.8,14.24
48650,2009,5,10,0.0,1.5,20.83
48650,2009,5,11,0.0,1.4,19.40
48650,2009,5,12,0.0,1.1,20.00
48650,2009,5,13,35.2,1.8,14.70
48650,2009,5,14,0.0,1.7,13.58
48650,2009,5,15,0.0,1.3,19.77
48650,2009,5,16,0.2,1.4,20.98
48650,2009,5,17,1.8,1.6,22.67
48650,2009,5,18,0.0,1.4,8.93
48650,2009,5,19,2.4,1.3,14.07
48650,2009,5,20,0.0,1.0,23.45
48650,2009,5,21,0.0,1.1,16.79
48650,2009,5,22,11.0,1.2,22.57
48650,2009,5,23,0.0,1.7,20.57
48650,2009,5,24,0.0,1.7,19.79
48650,2009,5,25,0.0,2.3,19.66
48650,2009,5,26,0.0,1.4,15.29
48650,2009,5,27,42.8,1.8,21.94
48650,2009,5,28,0.2,1.4,20.91
48650,2009,5,29,0.0,1.5,18.31
48650,2009,5,30,0.0,1.7,18.04
48650,2009,5,31,0.0,1.5,18.92
48650,2009,6,1,0.0,1.2,14.01
48650,2009,6,2,20.2,1.0,15.20
48650,2009,6,3,3.0,1.8,22.29
48650,2009,6,4,0.0,1.2,16.27
48650,2009,6,5,0.0,1.2,16.83
48650,2009,6,6,0.0,1.2,23.30
48650,2009,6,7,0.0,0.6,16.07
48650,2009,6,8,0.0,0.8,19.75
48650,2009,6,9,0.0,0.9,14.57
48650,2009,6,10,0.0,1.1,22.23
48650,2009,6,11,0.0,0.8,19.18
48650,2009,6,12,0.0,0.9,17.69
48650,2009,6,13,0.2,0.9,10.81
48650,2009,6,14,1.2,0.8,16.51
48650,2009,6,15,2.6,1.4,19.75
48650,2009,6,16,0.0,0.9,18.59
48650,2009,6,17,0.0,1.3,21.06
48650,2009,6,18,0.0,2.0,21.07
48650,2009,6,19,0.0,2.2,21.01
48650,2009,6,20,5.4,1.6,16.16
48650,2009,6,21,2.4,1.5,15.22
48650,2009,6,22,0.6,1.3,18.04
48650,2009,6,23,0.0,1.2,19.08
48650,2009,6,24,0.0,1.3,13.01
48650,2009,6,25,0.0,1.0,19.87
48650,2009,6,26,0.0,1.0,10.36
48650,2009,6,27,0.0,1.3,19.75
48650,2009,6,28,0.0,1.3,19.36
48650,2009,6,29,0.0,1.2,19.20
48650,2009,6,30,0.0,1.4,19.42
48650,2009,7,1,7.0,1.3,20.34
48650,2009,7,2,4.4,1.3,16.39
48650,2009,7,3,0.0,2.0,21.79
48650,2009,7,4,1.8,3.2,20.78
48650,2009,7,5,1.4,2.2,11.26
48650,2009,7,6,0.0,1.7,18.97
48650,2009,7,7,0.0,2.9,19.38
48650,2009,7,8,0.0,1.5,16.59
48650,2009,7,9,0.0,1.1,18.97
48650,2009,7,10,0.4,1.3,14.05
48650,2009,7,11,0.0,1.7,20.21
48650,2009,7,12,0.0,1.8,13.55
48650,2009,7,13,0.0,2.1,20.94
48650,2009,7,14,7.8,2.3,12.51
48650,2009,7,15,0.0,1.3,8.51
48650,2009,7,16,0.0,1.5,15.44
48650,2009,7,17,0.0,1.5,17.31
48650,2009,7,18,0.0,1.0,17.37
48650,2009,7,19,0.2,1.3,10.36
48650,2009,7,20,0.0,2.2,18.16
48650,2009,7,21,49.4,2.6,6.26
48650,2009,7,22,7.4,1.4,10.96
48650,2009,7,23,0.2,1.5,22.72
48650,2009,7,24,0.0,1.3,20.00
48650,2009,7,25,29.0,2.2,21.37
48650,2009,7,26,0.2,1.7,15.80
48650,2009,7,27,0.0,1.8,9.27
48650,2009,7,28,23.6,1.8,24.24
48650,2009,7,29,0.0,1.7,20.15
48650,2009,7,30,0.0,1.9,19.69
48650,2009,7,31,7.0,1.3,21.71
48650,2009,8,1,0.6,1.0,11.90
48650,2009,8,2,0.0,1.1,21.25
48650,2009,8,3,0.0,1.8,19.37
48650,2009,8,4,0.0,2.0,20.10
48650,2009,8,5,0.4,1.7,6.93
48650,2009,8,6,0.0,1.1,19.07
48650,2009,8,7,0.0,1.5,20.16
48650,2009,8,8,5.8,1.2,20.13
48650,2009,8,9,3.2,1.1,17.50
48650,2009,8,10,0.6,1.5,14.71
48650,2009,8,11,0.0,1.5,17.80
48650,2009,8,12,0.0,1.4,14.41
48650,2009,8,13,0.0,1.5,14.86
48650,2009,8,14,0.0,2.0,23.11
48650,2009,8,15,0.2,2.5,17.71
48650,2009,8,16,0.4,1.8,16.27
48650,2009,8,17,0.0,1.5,20.35
48650,2009,8,18,1.4,2.2,18.75
48650,2009,8,19,0.0,1.5,22.02
48650,2009,8,20,13.2,1.8,20.02
48650,2009,8,21,0.0,1.5,21.25
48650,2009,8,22,4.4,1.3,11.13
48650,2009,8,23,34.2,2.0,20.86
48650,2009,8,24,0.2,1.9,19.23
48650,2009,8,25,0.0,1.4,21.04
48650,2009,8,26,16.2,1.6,14.50
48650,2009,8,27,44.0,2.0,14.98
48650,2009,8,28,0.2,1.8,16.36
48650,2009,8,29,0.0,1.2,19.72
48650,2009,8,30,3.2,1.1,9.47
48650,2009,8,31,0.0,1.1,15.95
48650,2009,9,1,96.0,1.3,3.32
48650,2009,9,2,0.0,1.0,18.24
48650,2009,9,3,0.0,1.0,17.08
48650,2009,9,4,0.2,0.9,18.40
48650,2009,9,5,9.8,1.1,20.83
48650,2009,9,6,1.8,1.8,16.28
48650,2009,9,7,0.0,2.0,14.39
48650,2009,9,8,0.0,1.7,11.81
48650,2009,9,9,0.0,1.1,16.31
48650,2009,9,10,0.0,1.3,19.01
48650,2009,9,11,6.0,1.3,22.36
48650,2009,9,12,10.6,1.6,20.44
48650,2009,9,13,0.0,1.9,17.34
48650,2009,9,14,0.0,1.8,19.47
48650,2009,9,15,19.0,1.2,19.95
48650,2009,9,16,5.4,1.2,16.16
48650,2009,9,17,2.8,1.9,16.88
48650,2009,9,18,54.2,1.1,14.52
48650,2009,9,19,0.8,1.5,14.58
48650,2009,9,20,0.0,1.1,16.53
48650,2009,9,21,2.2,1.0,17.13
48650,2009,9,22,0.0,1.5,21.96
48650,2009,9,23,1.0,1.3,22.91
48650,2009,9,24,0.4,1.4,15.58
48650,2009,9,25,0.0,1.2,23.46
48650,2009,9,26,0.0,0.8,21.82
48650,2009,9,27,0.0,1.2,18.27
48650,2009,9,28,0.0,1.1,12.55
48650,2009,9,29,0.0,1.3,16.01
48650,2009,9,30,6.2,1.2,15.47
48650,2009,10,1,0.0,1.3,14.49
48650,2009,10,2,0.0,1.6,22.09
48650,2009,10,3,0.0,1.3,13.40
48650,2009,10,4,0.0,1.3,16.79
48650,2009,10,5,0.0,1.8,18.33
48650,2009,10,6,0.0,1.4,18.38
48650,2009,10,7,0.0,1.4,18.09
48650,2009,10,8,15.8,1.3,23.92
48650,2009,10,9,0.0,1.5,20.28
48650,2009,10,10,0.2,1.3,18.66
48650,2009,10,11,1.2,1.3,14.70
48650,2009,10,12,10.4,1.1,20.65
48650,2009,10,13,15.4,2.1,22.99
48650,2009,10,14,0.0,1.3,19.11
48650,2009,10,15,1.2,1.1,18.03
48650,2009,10,16,0.0,0.9,13.18
48650,2009,10,17,61.0,1.1,20.12
48650,2009,10,18,0.0,1.8,17.17
48650,2009,10,19,0.0,1.4,18.69
48650,2009,10,20,5.4,1.3,19.55
48650,2009,10,21,0.0,1.4,16.15
48650,2009,10,22,0.0,1.5,18.06
48650,2009,10,23,0.0,1.4,16.97
48650,2009,10,24,0.0,1.0,21.05
48650,2009,10,25,0.2,0.9,15.05
48650,2009,10,26,0.0,1.3,24.24
48650,2009,10,27,29.4,0.6,10.83
48650,2009,10,28,14.0,1.1,9.20
48650,2009,10,29,5.8,1.7,20.85
48650,2009,10,30,27.8,0.9,14.60
48650,2009,10,31,2.4,1.0,14.08
48650,2009,11,1,0.0,1.2,16.19
48650,2009,11,2,19.6,1.4,16.43
48650,2009,11,3,6.6,0.8,21.96
48650,2009,11,4,5.2,1.8,11.11
48650,2009,11,5,6.0,1.4,13.81
48650,2009,11,6,0.0,1.1,10.05
48650,2009,11,7,0.0,1.7,20.71
48650,2009,11,8,14.0,1.7,20.36
48650,2009,11,9,6.2,1.0,13.01
48650,2009,11,10,33.0,1.1,16.23
48650,2009,11,11,0.0,1.2,20.92
48650,2009,11,12,3.0,1.6,19.79
48650,2009,11,13,1.6,0.9,10.84
48650,2009,11,14,3.2,1.4,7.61
48650,2009,11,15,0.0,1.5,12.76
48650,2009,11,16,32.4,1.1,4.50
48650,2009,11,17,0.0,0.9,15.79
48650,2009,11,18,21.6,1.4,11.47
48650,2009,11,19,0.0,1.0,9.93
48650,2009,11,20,5.4,1.0,11.81
48650,2009,11,21,6.0,1.8,13.57
48650,2009,11,22,0.2,1.4,7.92
48650,2009,11,23,0.0,0.8,6.92
48650,2009,11,24,0.8,0.9,11.98
48650,2009,11,25,0.0,1.2,17.69
48650,2009,11,26,0.0,0.8,19.35
48650,2009,11,27,23.2,1.3,16.40
48650,2009,11,28,45.0,1.4,15.02
48650,2009,11,29,12.2,0.9,14.17
48650,2009,11,30,27.2,1.0,11.93
48650,2009,12,1,0.2,1.1,14.61
48650,2009,12,2,0.0,0.9,12.79
48650,2009,12,3,33.4,1.4,14.75
48650,2009,12,4,18.2,1.1,3.85
48650,2009,12,5,0.0,1.6,9.95
48650,2009,12,6,0.0,1.3,19.69
48650,2009,12,7,0.0,1.1,18.02
48650,2009,12,8,1.4,2.9,20.66
48650,2009,12,9,0.0,1.9,18.96
48650,2009,12,10,0.0,2.0,19.11
48650,2009,12,11,0.0,1.9,20.21
48650,2009,12,12,0.0,2.5,22.34
48650,2009,12,13,0.0,1.3,17.94
48650,2009,12,14,20.2,1.2,16.26
48650,2009,12,15,2.2,1.1,18.45
48650,2009,12,16,8.6,1.6,19.32
48650,2009,12,17,6.0,0.9,11.09
48650,2009,12,18,22.4,1.1,10.95
48650,2009,12,19,5.0,1.1,5.28
48650,2009,12,20,15.8,1.4,10.61
48650,2009,12,21,0.0,2.0,17.34
48650,2009,12,22,0.0,1.3,10.32
48650,2009,12,23,0.4,1.9,17.81
48650,2009,12,24,0.0,1.4,13.72
48650,2009,12,25,0.0,1.5,15.23
48650,2009,12,26,40.2,0.9,10.09
48650,2009,12,27,4.0,1.5,11.86
48650,2009,12,28,1.2,1.1,16.13
48650,2009,12,29,1.6,1.4,19.74
48650,2009,12,30,0.0,1.1,16.88
48650,2009,12,31,1.2,1.7,18.04
48650,2010,1,1,27.6,1.2,12.64
48650,2010,1,2,39.2,0.9,9.67
48650,2010,1,3,38.8,1.4,18.32
48650,2010,1,4,0.0,1.7,16.07
48650,2010,1,5,0.0,1.5,19.68
48650,2010,1,6,0.8,2.3,22.61
48650,2010,1,7,7.8,2.0,13.94
48650,2010,1,8,27.8,2.0,11.97
48650,2010,1,9,30.8,1.4,14.96
48650,2010,1,10,8.8,1.0,19.49
48650,2010,1,11,0.0,1.0,18.21
48650,2010,1,12,14.0,1.1,16.47
48650,2010,1,13,0.0,2.0,14.22
48650,2010,1,14,0.0,3.6,19.89
48650,2010,1,15,0.0,3.1,14.86
48650,2010,1,16,0.2,2.1,16.10
48650,2010,1,17,0.0,1.5,19.09
48650,2010,1,18,0.0,1.4,13.59
48650,2010,1,19,0.0,1.1,-1.11
48650,2010,1,20,1.2,0.9,-1.11
48650,2010,1,21,0.0,1.1,16.82
48650,2010,1,22,0.2,1.2,16.65
48650,2010,1,23,0.0,1.8,21.60
48650,2010,1,24,0.0,1.8,19.83
48650,2010,1,25,3.2,1.5,19.45
48650,2010,1,26,10.8,1.9,14.48
48650,2010,1,27,37.6,2.6,23.24
48650,2010,1,28,0.0,1.7,20.04
48650,2010,1,29,12.6,1.8,15.39
48650,2010,1,30,0.0,1.1,19.21
48650,2010,1,31,7.4,1.6,18.48
48650,2010,2,1,0.0,1.1,22.60
48650,2010,2,2,0.0,1.2,22.78
48650,2010,2,3,0.0,1.6,20.83
48650,2010,2,4,0.0,1.7,24.31
48650,2010,2,5,1.0,1.4,18.71
48650,2010,2,6,1.6,1.3,19.93
48650,2010,2,7,2.2,1.5,17.94
48650,2010,2,8,0.0,1.0,19.19
48650,2010,2,9,0.0,1.8,24.02
48650,2010,2,10,0.6,1.1,18.89
48650,2010,2,11,0.0,1.8,19.59
48650,2010,2,12,0.0,2.0,23.56
48650,2010,2,13,0.0,1.7,20.53
48650,2010,2,14,0.0,2.0,20.83
48650,2010,2,15,0.0,1.1,19.08
48650,2010,2,16,0.0,1.2,19.27
48650,2010,2,17,0.0,1.5,9.17
48650,2010,2,18,0.4,1.6,14.73
48650,2010,2,19,0.0,1.7,22.84
48650,2010,2,20,0.0,1.3,22.08
48650,2010,2,21,0.0,1.5,19.17
48650,2010,2,22,0.0,1.0,22.11
48650,2010,2,23,14.0,1.2,19.18
48650,2010,2,24,0.0,1.4,21.74
48650,2010,2,25,0.0,1.3,17.56
48650,2010,2,26,62.8,1.3,16.18
48650,2010,2,27,0.0,0.7,19.43
48650,2010,2,28,0.0,1.0,22.50
48650,2010,3,1,0.0,1.4,19.59
48650,2010,3,2,9.6,0.7,14.64
48650,2010,3,3,0.0,0.6,16.58
48650,2010,3,4,0.0,1.1,22.48
48650,2010,3,5,46.8,1.3,17.02
48650,2010,3,6,3.0,1.5,22.57
48650,2010,3,7,4.6,1.6,21.20
48650,2010,3,8,0.0,1.8,22.22
48650,2010,3,9,1.2,1.6,20.21
48650,2010,3,10,6.8,1.5,19.55
48650,2010,3,11,0.0,2.9,19.16
48650,2010,3,12,0.8,2.3,20.91
48650,2010,3,13,8.8,1.6,18.82
48650,2010,3,14,10.2,1.3,17.26
48650,2010,3,15,13.0,0.9,16.42
48650,2010,3,16,4.2,1.2,20.65
48650,2010,3,17,0.0,1.7,25.16
48650,2010,3,18,0.0,1.8,14.74
48650,2010,3,19,0.2,2.1,21.57
48650,2010,3,20,0.0,1.1,12.93
48650,2010,3,21,36.0,2.2,19.25
48650,2010,3,22,7.8,1.2,20.80
48650,2010,3,23,0.0,1.6,14.26
48650,2010,3,24,0.0,1.1,25.73
48650,2010,3,25,7.2,1.6,20.66
48650,2010,3,26,13.2,1.5,24.50
48650,2010,3,27,0.0,2.3,25.84
48650,2010,3,28,25.4,1.9,22.51
48650,2010,3,29,2.2,2.0,20.78
48650,2010,3,30,0.0,1.6,15.36
48650,2010,3,31,0.2,1.7,13.91
48650,2010,4,1,32.4,1.3,19.61
48650,2010,4,2,0.0,1.0,18.99
48650,2010,4,3,8.2,1.2,18.22
48650,2010,4,4,0.0,2.0,19.25
48650,2010,4,5,0.0,1.6,26.33
48650,2010,4,6,0.0,1.5,24.38
48650,2010,4,7,0.8,1.3,18.83
48650,2010,4,8,0.0,1.5,20.19
48650,2010,4,9,2.4,1.7,19.02
48650,2010,4,10,2.8,1.1,13.00
48650,2010,4,11,0.0,1.4,20.14
48650,2010,4,12,0.0,1.4,18.28
48650,2010,4,13,48.6,1.4,14.06
48650,2010,4,14,0.0,1.7,23.62
48650,2010,4,15,0.0,1.5,20.87
48650,2010,4,16,16.2,1.2,16.84
48650,2010,4,17,14.2,1.8,21.58
48650,2010,4,18,37.2,1.2,19.16
48650,2010,4,19,0.0,1.5,14.85
48650,2010,4,20,1.0,1.3,13.45
48650,2010,4,21,3.8,1.1,19.07
48650,2010,4,22,0.0,1.7,21.07
48650,2010,4,23,5.2,1.4,18.45
48650,2010,4,24,0.0,1.4,21.74
48650,2010,4,25,14.6,1.9,16.14
48650,2010,4,26,0.2,1.6,14.49
48650,2010,4,27,3.4,1.7,17.65
48650,2010,4,28,0.0,1.0,21.06
48650,2010,4,29,0.0,1.8,19.55
48650,2010,4,30,0.0,1.5,18.60
48650,2010,5,1,0.2,1.5,18.77
48650,2010,5,2,0.0,1.3,20.35
48650,2010,5,3,0.0,1.4,23.68
48650,2010,5,4,0.2,1.6,17.29
48650,2010,5,5,5.4,1.3,18.32
48650,2010,5,6,1.6,1.4,-1.11
48650,2010,5,7,0.0,1.7,20.30
48650,2010,5,8,17.4,1.7,17.38
48650,2010,5,9,9.6,1.1,5.43
48650,2010,5,10,8.8,1.6,17.03
48650,2010,5,11,18.4,1.4,14.44
48650,2010,5,12,0.0,1.3,14.29
48650,2010,5,13,0.2,1.3,15.65
48650,2010,5,14,0.0,1.3,17.93
48650,2010,5,15,0.0,1.7,14.68
48650,2010,5,16,14.0,2.4,23.11
48650,2010,5,17,0.0,1.3,17.41
48650,2010,5,18,27.6,2.6,15.76
48650,2010,5,19,0.0,1.1,-1.11
48650,2010,5,20,42.0,1.7,13.11
48650,2010,5,21,17.2,1.6,20.30
48650,2010,5,22,8.2,1.5,15.11
48650,2010,5,23,0.0,1.0,22.09
48650,2010,5,24,0.0,1.5,20.82
48650,2010,5,25,8.0,1.5,19.52
48650,2010,5,26,1.2,1.0,15.80
48650,2010,5,27,0.0,1.7,16.62
48650,2010,5,28,0.0,2.1,17.55
48650,2010,5,29,0.8,1.9,16.16
48650,2010,5,30,1.2,1.9,20.14
48650,2010,5,31,1.8,1.6,15.48
48650,2010,6,1,0.0,1.7,13.81
48650,2010,6,2,0.0,0.9,19.52
48650,2010,6,3,39.0,1.4,21.16
48650,2010,6,4,0.4,1.5,18.02
48650,2010,6,5,12.8,1.7,17.38
48650,2010,6,6,0.0,1.1,20.49
48650,2010,6,7,0.4,1.6,15.45
48650,2010,6,8,0.0,1.2,13.21
48650,2010,6,9,1.8,2.3,14.36
48650,2010,6,10,0.0,1.8,17.12
48650,2010,6,11,10.4,1.6,16.18
48650,2010,6,12,1.0,1.2,14.12
48650,2010,6,13,0.0,1.8,19.87
48650,2010,6,14,3.6,2.2,18.24
48650,2010,6,15,0.0,1.3,18.94
48650,2010,6,16,0.0,2.0,11.87
48650,2010,6,17,1.2,1.3,17.16
48650,2010,6,18,0.0,1.2,13.77
48650,2010,6,19,0.0,1.4,18.84
48650,2010,6,20,0.0,1.6,18.12
48650,2010,6,21,5.0,1.8,10.75
48650,2010,6,22,5.4,1.5,10.64
48650,2010,6,23,0.0,2.1,10.38
48650,2010,6,24,0.8,2.1,17.46
48650,2010,6,25,5.8,2.1,10.40
48650,2010,6,26,33.0,1.7,23.25
48650,2010,6,27,0.0,1.6,20.16
48650,2010,6,28,0.0,1.3,20.92
48650,2010,6,29,4.8,1.8,14.84
48650,2010,6,30,10.4,2.0,18.65
48650,2010,7,1,72.2,1.7,19.26
48650,2010,7,2,2.4,1.7,21.07
48650,2010,7,3,0.4,1.1,10.14
48650,2010,7,4,8.2,1.7,7.35
48650,2010,7,5,0.0,1.7,19.69
48650,2010,7,6,0.0,2.3,15.34
48650,2010,7,7,3.2,2.0,9.74
48650,2010,7,8,1.6,1.0,17.12
48650,2010,7,9,0.0,1.4,14.65
48650,2010,7,10,0.0,1.4,16.72
48650,2010,7,11,0.0,1.4,19.08
48650,2010,7,12,0.0,1.2,15.82
48650,2010,7,13,0.0,0.9,19.95
48650,2010,7,14,5.6,0.5,12.61
48650,2010,7,15,6.2,1.2,17.93
48650,2010,7,16,13.8,1.3,20.24
48650,2010,7,17,0.0,1.9,17.44
48650,2010,7,18,32.8,1.9,5.69
48650,2010,7,19,0.0,1.3,14.70
48650,2010,7,20,0.8,1.9,16.70
48650,2010,7,21,0.0,1.5,19.71
48650,2010,7,22,0.0,2.2,13.32
48650,2010,7,23,0.0,0.9,20.32
48650,2010,7,24,0.0,1.3,16.74
48650,2010,7,25,4.6,2.1,16.60
48650,2010,7,26,0.2,1.5,15.43
48650,2010,7,27,0.0,1.3,17.13
48650,2010,7,28,0.0,2.3,13.66
48650,2010,7,29,0.0,1.6,23.50
48650,2010,7,30,0.0,2.5,17.91
48650,2010,7,31,5.4,2.5,19.31
48650,2010,8,1,0.2,2.4,11.87
48650,2010,8,2,0.0,2.6,21.67
48650,2010,8,3,31.4,1.4,19.83
48650,2010,8,4,0.0,2.1,21.39
48650,2010,8,5,0.0,1.4,12.30
48650,2010,8,6,0.0,1.4,14.91
48650,2010,8,7,0.0,1.5,8.79
48650,2010,8,8,20.4,1.5,14.86
48650,2010,8,9,0.2,1.4,19.17
48650,2010,8,10,0.0,1.9,16.77
48650,2010,8,11,0.0,2.5,17.40
48650,2010,8,12,0.0,2.9,22.94
48650,2010,8,13,4.2,1.7,13.16
48650,2010,8,14,0.6,1.4,15.80
48650,2010,8,15,3.8,1.1,16.48
48650,2010,8,16,59.4,2.1,16.46
48650,2010,8,17,7.2,2.0,15.50
48650,2010,8,18,4.4,1.5,21.68
48650,2010,8,19,19.6,2.3,17.93
48650,2010,8,20,0.0,2.8,13.57
48650,2010,8,21,0.0,1.8,19.34
48650,2010,8,22,19.2,0.9,18.67
48650,2010,8,23,0.0,1.1,12.32
48650,2010,8,24,0.0,2.6,22.43
48650,2010,8,25,0.0,3.0,21.89
48650,2010,8,26,0.0,1.6,21.02
48650,2010,8,27,76.6,1.2,15.29
48650,2010,8,28,2.8,1.8,18.68
48650,2010,8,29,0.0,2.8,22.08
48650,2010,8,30,0.4,2.5,23.10
48650,2010,8,31,0.0,1.8,22.35
48650,2010,9,1,1.2,2.1,21.39
48650,2010,9,2,20.8,2.1,24.04
48650,2010,9,3,2.0,1.8,25.35
48650,2010,9,4,0.0,1.4,17.04
48650,2010,9,5,0.0,1.6,9.54
48650,2010,9,6,13.8,1.3,8.51
48650,2010,9,7,0.0,1.2,19.53
48650,2010,9,8,0.8,2.2,13.94
48650,2010,9,9,11.2,1.3,19.70
48650,2010,9,10,0.0,1.1,12.65
48650,2010,9,11,0.0,1.3,24.20
48650,2010,9,12,78.8,1.5,22.54
48650,2010,9,13,0.6,2.0,24.34
48650,2010,9,14,0.0,1.4,20.11
48650,2010,9,15,1.8,1.3,15.82
48650,2010,9,16,37.6,1.3,24.91
48650,2010,9,17,14.2,1.3,7.80
48650,2010,9,18,0.0,1.3,23.02
48650,2010,9,19,0.0,1.6,20.35
48650,2010,9,20,0.0,1.3,15.28
48650,2010,9,21,0.2,1.7,19.03
48650,2010,9,22,43.2,1.4,13.54
48650,2010,9,23,1.2,1.4,16.69
48650,2010,9,24,2.2,2.1,15.87
48650,2010,9,25,0.4,1.4,15.45
48650,2010,9,26,2.0,1.8,18.79
48650,2010,9,27,11.4,1.9,20.98
48650,2010,9,28,0.0,1.3,18.93
48650,2010,9,29,0.0,1.4,16.82
48650,2010,9,30,0.0,1.1,12.47
48650,2010,10,1,0.2,1.3,12.81
48650,2010,10,2,14.0,1.2,16.35
48650,2010,10,3,2.0,1.6,20.04
48650,2010,10,4,17.0,2.2,22.94
48650,2010,10,5,2.2,2.2,12.94
48650,2010,10,6,0.0,1.5,24.83
48650,2010,10,7,0.0,0.5,11.41
48650,2010,10,8,0.2,1.2,14.94
48650,2010,10,9,0.0,2.0,22.45
48650,2010,10,10,0.0,0.9,12.45
48650,2010,10,11,0.0,1.6,21.60
48650,2010,10,12,0.0,1.5,22.01
48650,2010,10,13,0.0,1.4,19.50
48650,2010,10,14,0.6,1.3,12.20
48650,2010,10,15,0.0,1.4,20.37
48650,2010,10,16,0.0,1.4,18.38
48650,2010,10,17,2.6,1.4,21.33
48650,2010,10,18,0.0,1.4,19.75
48650,2010,10,19,0.0,1.4,20.25
48650,2010,10,20,0.8,1.2,13.83
48650,2010,10,21,0.0,1.3,15.36
48650,2010,10,22,0.0,1.8,15.65
48650,2010,10,23,5.0,1.6,11.27
48650,2010,10,24,12.2,1.5,8.42
48650,2010,10,25,17.2,1.6,10.44
48650,2010,10,26,40.0,1.4,14.26
48650,2010,10,27,0.8,1.7,7.69
48650,2010,10,28,0.4,1.7,22.69
48650,2010,10,29,28.4,2.2,18.23
48650,2010,10,30,10.8,2.3,11.18
48650,2010,10,31,0.0,2.5,18.65
48650,2010,11,1,10.2,2.7,13.27
48650,2010,11,2,0.2,1.0,18.17
48650,2010,11,3,0.0,1.5,22.66
48650,2010,11,4,0.0,1.3,15.00
48650,2010,11,5,0.2,1.2,21.95
48650,2010,11,6,12.8,2.3,19.18
48650,2010,11,7,0.0,1.9,14.24
48650,2010,11,8,0.6,2.2,15.85
48650,2010,11,9,2.2,1.7,20.59
48650,2010,11,10,0.0,1.4,19.23
48650,2010,11,11,35.8,1.5,8.38
48650,2010,11,12,3.8,2.0,8.71
48650,2010,11,13,0.4,2.1,19.27
48650,2010,11,14,2.0,2.3,15.38
48650,2010,11,15,17.2,1.3,14.37
48650,2010,11,16,17.8,1.2,17.26
48650,2010,11,17,3.4,1.4,12.22
48650,2010,11,18,0.0,1.3,24.31
48650,2010,11,19,53.2,1.4,22.50
48650,2010,11,20,16.2,0.9,21.50
48650,2010,11,21,0.0,0.5,24.64
48650,2010,11,22,0.2,1.0,16.68
48650,2010,11,23,0.6,0.8,16.93
48650,2010,11,24,1.4,1.0,22.12
48650,2010,11,25,20.2,2.1,14.08
48650,2010,11,26,0.0,1.7,15.68
48650,2010,11,27,0.0,1.6,22.92
48650,2010,11,28,0.6,1.9,12.91
48650,2010,11,29,45.4,1.1,11.13
48650,2010,11,30,4.0,1.4,16.95
48650,2010,12,1,0.0,1.3,19.08
48650,2010,12,2,0.0,1.9,17.62
48650,2010,12,3,0.0,1.9,17.77
48650,2010,12,4,3.0,1.0,5.37
48650,2010,12,5,0.0,1.6,17.64
48650,2010,12,6,13.2,1.5,10.59
48650,2010,12,7,0.0,1.8,16.99
48650,2010,12,8,7.2,1.8,16.06
48650,2010,12,9,0.2,0.9,5.67
48650,2010,12,10,0.2,1.8,17.08
48650,2010,12,11,0.0,2.3,18.47
48650,2010,12,12,0.0,2.0,21.45
48650,2010,12,13,0.0,1.5,13.13
48650,2010,12,14,0.0,1.5,9.54
48650,2010,12,15,1.2,1.6,16.26
48650,2010,12,16,0.6,2.3,11.36
48650,2010,12,17,24.6,2.2,8.74
48650,2010,12,18,0.0,1.5,13.71
48650,2010,12,19,0.0,1.2,10.48
48650,2010,12,20,25.4,1.5,7.62
48650,2010,12,21,0.0,1.7,16.94
48650,2010,12,22,29.0,1.7,15.33
48650,2010,12,23,0.4,0.9,13.26
48650,2010,12,24,0.0,1.5,12.62
48650,2010,12,25,0.0,1.3,15.55
48650,2010,12,26,16.2,1.7,13.91
48650,2010,12,27,0.0,1.3,13.63
48650,2010,12,28,0.0,1.8,10.10
48650,2010,12,29,26.4,1.3,13.07
48650,2010,12,30,0.0,1.4,7.82
48650,2010,12,31,0.0,1.6,16.98
48650,2011,1,1,0.0,2.5,16.51
48650,2011,1,2,0.0,1.9,13.48
48650,2011,1,3,0.0,1.7,12.29
48650,2011,1,4,37.2,1.8,22.20
48650,2011,1,5,3.6,2.1,15.85
48650,2011,1,6,0.2,1.4,7.29
48650,2011,1,7,0.0,1.1,7.15
48650,2011,1,8,0.0,1.6,12.56
48650,2011,1,9,0.0,1.4,14.35
48650,2011,1,10,12.0,1.4,8.28
48650,2011,1,11,0.6,1.3,13.40
48650,2011,1,12,0.6,2.1,19.12
48650,2011,1,13,7.8,2.0,13.85
48650,2011,1,14,0.0,1.1,13.94
48650,2011,1,15,0.0,1.5,14.20
48650,2011,1,16,1.8,1.6,7.23
48650,2011,1,17,0.0,1.7,14.21
48650,2011,1,18,0.0,1.6,14.00
48650,2011,1,19,0.0,1.7,21.35
48650,2011,1,20,0.0,1.3,18.95
48650,2011,1,21,0.0,1.7,17.70
48650,2011,1,22,0.0,1.4,16.10
48650,2011,1,23,0.4,1.3,16.54
48650,2011,1,24,5.6,1.6,17.16
48650,2011,1,25,0.0,2.2,16.80
48650,2011,1,26,0.2,2.3,5.77
48650,2011,1,27,0.4,3.3,10.92
48650,2011,1,28,0.6,2.6,9.26
48650,2011,1,29,7.2,0.7,11.06
48650,2011,1,30,55.4,0.0,1.06
48650,2011,1,31,0.2,2.8,7.87
48650,2011,2,1,0.0,2.7,18.08
48650,2011,2,2,0.0,1.9,22.14
48650,2011,2,3,0.0,1.1,16.35
48650,2011,2,4,0.0,0.6,20.42
48650,2011,2,5,0.0,1.1,20.82
48650,2011,2,6,0.0,1.2,18.72
48650,2011,2,7,0.0,1.1,17.12
48650,2011,2,8,0.0,1.0,20.42
48650,2011,2,9,0.0,0.9,17.10
48650,2011,2,10,0.0,0.9,-1.11
48650,2011,2,11,0.0,1.0,21.88
48650,2011,2,12,0.0,0.8,16.73
48650,2011,2,13,0.2,1.1,19.87
48650,2011,2,14,0.0,1.8,21.71
48650,2011,2,15,0.0,2.2,19.22
48650,2011,2,16,0.0,1.9,17.57
48650,2011,2,17,12.6,1.4,20.49
48650,2011,2,18,0.0,0.8,12.89
48650,2011,2,19,14.2,0.6,18.18
48650,2011,2,20,0.2,0.5,13.41
48650,2011,2,21,0.0,1.1,18.64
48650,2011,2,22,0.0,1.2,22.11
48650,2011,2,23,0.0,1.1,15.64
48650,2011,2,24,0.0,2.3,20.60
48650,2011,2,25,0.0,1.4,18.47
48650,2011,2,26,0.0,1.4,21.33
48650,2011,2,27,33.2,1.0,19.23
48650,2011,2,28,0.0,0.7,19.13
48650,2011,3,1,0.2,1.0,15.27
48650,2011,3,2,35.2,0.7,18.77
48650,2011,3,3,2.0,1.1,16.77
48650,2011,3,4,0.0,0.7,17.56
48650,2011,3,5,0.0,0.9,21.84
48650,2011,3,6,0.0,0.2,13.65
48650,2011,3,7,0.2,0.7,17.92
48650,2011,3,8,0.0,1.4,-1.11
48650,2011,3,9,20.0,0.5,12.58
48650,2011,3,10,0.0,1.2,11.22
48650,2011,3,11,6.0,1.3,3.01
48650,2011,3,12,23.0,0.9,15.37
48650,2011,3,13,0.0,1.0,19.01
48650,2011,3,14,26.4,1.3,16.25
48650,2011,3,15,2.4,0.6,-1.11
48650,2011,3,16,0.0,0.7,19.70
48650,2011,3,17,0.0,0.7,15.42
48650,2011,3,18,7.2,1.2,11.28
48650,2011,3,19,0.0,1.8,10.05
48650,2011,3,20,1.8,1.5,11.90
48650,2011,3,21,24.6,1.5,12.87
48650,2011,3,22,0.4,2.1,10.71
48650,2011,3,23,5.8,2.3,18.44
48650,2011,3,24,0.8,2.2,21.23
48650,2011,3,25,2.2,2.4,23.95
48650,2011,3,26,0.0,1.9,23.10
48650,2011,3,27,0.0,1.8,20.97
48650,2011,3,28,0.0,2.6,23.44
48650,2011,3,29,24.0,1.9,19.49
48650,2011,3,30,0.0,2.2,24.31
48650,2011,3,31,0.0,2.0,18.27
48650,2011,4,1,2.0,1.6,16.74
48650,2011,4,2,0.0,1.3,15.73
48650,2011,4,3,10.4,1.8,20.17
48650,2011,4,4,0.0,1.7,22.63
48650,2011,4,5,0.0,1.9,19.90
48650,2011,4,6,0.2,2.3,14.34
48650,2011,4,7,38.8,1.9,-1.11
48650,2011,4,8,0.0,1.9,17.66
48650,2011,4,9,0.2,2.0,16.18
48650,2011,4,10,0.0,1.7,12.64
48650,2011,4,11,8.8,1.7,16.77
48650,2011,4,12,0.6,2.4,22.89
48650,2011,4,13,5.2,1.4,13.25
48650,2011,4,14,0.0,2.0,17.63
48650,2011,4,15,0.0,2.1,18.18
48650,2011,4,16,5.6,2.0,10.95
48650,2011,4,17,1.8,1.9,25.15
48650,2011,4,18,0.2,2.0,-1.11
48650,2011,4,19,0.0,2.2,-1.11
48650,2011,4,20,5.6,2.0,17.36
48650,2011,4,21,0.0,2.5,24.37
48650,2011,4,22,0.0,1.9,16.75
48650,2011,4,23,0.0,2.0,21.70
48650,2011,4,24,0.0,2.2,18.47
48650,2011,4,25,0.6,1.2,11.06
48650,2011,4,26,14.4,1.6,22.34
48650,2011,4,27,7.0,2.4,19.98
48650,2011,4,28,2.0,1.5,-1.11
48650,2011,4,29,1.6,2.1,-1.11
48650,2011,4,30,2.2,1.7,-1.11
48650,2011,5,1,3.0,2.0,-1.11
48650,2011,5,2,0.0,-1.1,-1.11
48650,2011,5,3,0.0,-1.1,-1.11
48650,2011,5,4,0.0,-1.1,-1.11
48650,2011,5,5,0.0,-1.1,-1.11
48650,2011,5,6,0.0,1.9,21.11
48650,2011,5,7,0.0,1.6,21.08
48650,2011,5,8,0.0,1.7,23.63
48650,2011,5,9,0.0,1.6,23.08
48650,2011,5,10,0.0,1.2,16.87
48650,2011,5,11,0.0,1.3,14.59
48650,2011,5,12,1.2,1.6,10.65
48650,2011,5,13,0.0,1.6,23.53
48650,2011,5,14,0.0,2.0,18.78
48650,2011,5,15,0.0,1.8,17.37
48650,2011,5,16,0.0,1.9,12.98
48650,2011,5,17,4.6,2.1,20.01
48650,2011,5,18,6.0,1.6,16.19
48650,2011,5,19,1.6,2.3,17.19
48650,2011,5,20,0.4,1.9,17.90
48650,2011,5,21,0.2,1.9,19.26
48650,2011,5,22,0.0,1.9,21.22
48650,2011,5,23,0.0,1.4,18.78
48650,2011,5,24,0.0,2.1,18.79
48650,2011,5,25,5.6,1.6,11.57
48650,2011,5,26,0.0,1.6,14.04
48650,2011,5,27,3.2,2.1,19.35
48650,2011,5,28,0.0,1.6,10.22
48650,2011,5,29,0.0,1.8,22.32
48650,2011,5,30,5.4,2.0,21.00
48650,2011,5,31,3.0,1.5,12.28
48650,2011,6,1,0.0,1.7,10.76
48650,2011,6,2,0.0,1.6,21.84
48650,2011,6,3,0.0,2.1,18.61
48650,2011,6,4,1.6,2.2,21.94
48650,2011,6,5,0.0,2.0,17.96
48650,2011,6,6,0.0,1.7,14.29
48650,2011,6,7,0.0,2.0,21.24
48650,2011,6,8,1.8,2.0,15.70
48650,2011,6,9,0.0,2.0,19.38
48650,2011,6,10,0.0,1.9,14.97
48650,2011,6,11,0.0,1.5,14.68
48650,2011,6,12,0.0,2.0,14.96
48650,2011,6,13,2.2,1.9,19.87
48650,2011,6,14,0.8,1.6,10.56
48650,2011,6,15,0.0,1.9,17.81
48650,2011,6,16,0.0,2.1,15.75
48650,2011,6,17,1.6,2.8,20.74
48650,2011,6,18,0.0,3.1,17.59
48650,2011,6,19,0.4,2.6,17.30
48650,2011,6,20,0.0,2.8,21.68
48650,2011,6,21,0.0,3.1,21.47
48650,2011,6,22,2.8,2.0,10.94
48650,2011,6,23,0.0,1.8,18.89
48650,2011,6,24,2.4,2.1,21.58
48650,2011,6,25,8.8,3.0,21.08
48650,2011,6,26,15.2,2.7,16.21
48650,2011,6,27,5.0,2.2,19.92
48650,2011,6,28,5.4,2.8,18.89
48650,2011,6,29,41.2,2.9,7.76
48650,2011,6,30,0.0,2.3,16.35
48650,2011,7,1,0.0,2.9,18.94
48650,2011,7,2,2.0,2.2,21.00
48650,2011,7,3,0.2,1.7,19.04
48650,2011,7,4,0.0,1.8,21.13
48650,2011,7,5,0.0,2.9,20.83
48650,2011,7,6,0.0,2.1,20.58
48650,2011,7,7,12.8,1.6,8.13
48650,2011,7,8,2.4,1.3,10.63
48650,2011,7,9,0.2,1.5,16.09
48650,2011,7,10,0.8,1.8,14.50
48650,2011,7,11,0.4,2.2,21.00
48650,2011,7,12,6.8,2.7,19.81
48650,2011,7,13,0.0,2.2,19.51
48650,2011,7,14,6.2,2.0,18.26
48650,2011,7,15,2.2,2.3,15.41
48650,2011,7,16,0.0,2.3,10.77
48650,2011,7,17,0.0,2.9,22.05
48650,2011,7,18,0.0,3.3,23.10
48650,2011,7,19,0.0,3.7,22.59
48650,2011,7,20,0.0,3.4,22.23
48650,2011,7,21,0.0,2.2,15.88
48650,2011,7,22,0.0,2.1,20.07
48650,2011,7,23,0.0,1.9,14.73
48650,2011,7,24,2.4,3.0,19.04
48650,2011,7,25,0.0,2.1,21.51
48650,2011,7,26,0.0,2.2,22.31
48650,2011,7,27,0.0,2.1,9.17
48650,2011,7,28,18.2,2.5,19.92
48650,2011,7,29,22.2,3.5,18.36
48650,2011,7,30,1.0,3.0,10.77
48650,2011,7,31,0.0,3.6,19.77
48650,2011,8,1,0.4,4.3,19.41
48650,2011,8,2,0.0,4.1,21.42
48650,2011,8,3,0.0,3.3,18.82
48650,2011,8,4,26.2,2.2,8.18
48650,2011,8,5,0.0,1.7,19.91
48650,2011,8,6,0.0,1.7,17.11
48650,2011,8,7,8.4,1.4,10.98
48650,2011,8,8,0.0,1.6,20.65
48650,2011,8,9,0.0,2.5,21.22
48650,2011,8,10,3.2,2.1,10.49
48650,2011,8,11,0.0,1.8,22.82
48650,2011,8,12,1.6,2.2,17.23
48650,2011,8,13,0.0,1.9,21.89
48650,2011,8,14,5.6,1.7,18.59
48650,2011,8,15,0.0,2.4,17.33
48650,2011,8,16,0.0,1.9,21.67
48650,2011,8,17,0.0,2.7,21.40
48650,2011,8,18,0.0,2.7,21.44
48650,2011,8,19,0.0,2.6,23.04
48650,2011,8,20,17.8,1.9,10.66
48650,2011,8,21,0.0,2.8,23.81
48650,2011,8,22,12.6,1.9,15.80
48650,2011,8,23,5.0,1.5,17.38
48650,2011,8,24,0.0,2.2,17.69
48650,2011,8,25,0.0,2.0,17.65
48650,2011,8,26,5.2,1.5,8.61
48650,2011,8,27,1.6,1.7,17.78
48650,2011,8,28,16.2,2.9,18.13
48650,2011,8,29,0.0,1.9,14.56
48650,2011,8,30,0.0,2.7,17.08
48650,2011,8,31,24.6,2.3,11.07
48650,2011,9,1,0.0,3.1,23.83
48650,2011,9,2,5.6,1.6,17.43
48650,2011,9,3,0.0,2.3,20.20
48650,2011,9,4,0.0,3.2,21.93
48650,2011,9,5,0.0,2.9,22.30
48650,2011,9,6,0.0,2.4,18.40
48650,2011,9,7,0.0,2.4,20.74
48650,2011,9,8,0.0,2.1,17.55
48650,2011,9,9,0.8,2.4,17.78
48650,2011,9,10,19.0,2.0,13.57
48650,2011,9,11,0.2,2.0,8.37
48650,2011,9,12,0.0,2.1,15.40
48650,2011,9,13,0.0,3.4,19.46
48650,2011,9,14,99.2,1.7,12.05
48650,2011,9,15,0.0,1.5,20.46
48650,2011,9,16,0.0,1.9,14.88
48650,2011,9,17,0.0,2.0,19.82
48650,2011,9,18,0.0,1.8,12.39
48650,2011,9,19,0.2,1.6,13.65
48650,2011,9,20,0.0,1.9,15.53
48650,2011,9,21,0.4,2.3,14.19
48650,2011,9,22,9.4,1.7,11.95
48650,2011,9,23,0.0,2.3,22.05
48650,2011,9,24,6.4,1.6,21.50
48650,2011,9,25,3.8,1.7,14.99
48650,2011,9,26,33.8,1.9,18.42
48650,2011,9,27,0.0,2.1,19.77
48650,2011,9,28,0.0,1.5,24.73
48650,2011,9,29,10.8,1.8,24.79
48650,2011,9,30,0.0,1.9,20.72
48650,2011,10,1,0.0,1.8,12.37
48650,2011,10,2,0.4,1.7,7.26
48650,2011,10,3,0.0,2.1,18.44
48650,2011,10,4,0.8,1.2,8.00
48650,2011,10,5,0.6,1.5,8.46
48650,2011,10,6,0.0,1.6,13.36
48650,2011,10,7,0.0,1.9,14.88
48650,2011,10,8,21.4,1.3,17.19
48650,2011,10,9,0.0,2.3,21.56
48650,2011,10,10,18.8,1.9,18.66
48650,2011,10,11,4.6,1.6,14.28
48650,2011,10,12,0.0,2.8,23.82
48650,2011,10,13,0.0,2.0,23.27
48650,2011,10,14,0.0,2.3,22.14
48650,2011,10,15,0.0,2.4,18.49
48650,2011,10,16,2.2,1.9,15.62
48650,2011,10,17,19.2,1.6,16.45
48650,2011,10,18,22.4,1.7,13.99
48650,2011,10,19,12.2,1.8,9.95
48650,2011,10,20,64.4,2.1,18.03
48650,2011,10,21,2.8,1.6,21.67
48650,2011,10,22,0.2,1.8,17.98
48650,2011,10,23,1.6,2.1,17.24
48650,2011,10,24,23.8,2.6,14.64
48650,2011,10,25,15.2,1.4,10.59
48650,2011,10,26,41.2,1.9,15.47
48650,2011,10,27,32.0,1.8,17.43
48650,2011,10,28,19.0,1.6,19.67
48650,2011,10,29,0.0,3.0,20.06
48650,2011,10,30,9.0,1.5,16.15
48650,2011,10,31,31.0,1.2,13.25
48650,2011,11,1,26.4,2.1,18.35
48650,2011,11,2,35.8,1.2,10.88
48650,2011,11,3,0.0,1.9,13.88
48650,2011,11,4,9.6,1.8,14.24
48650,2011,11,5,3.0,2.1,14.20
48650,2011,11,6,4.0,1.7,18.49
48650,2011,11,7,3.0,2.3,16.98
48650,2011,11,8,2.6,1.5,10.56
48650,2011,11,9,0.0,2.2,20.41
48650,2011,11,10,0.0,1.9,23.67
48650,2011,11,11,3.4,1.5,15.14
48650,2011,11,12,12.0,1.2,12.57
48650,2011,11,13,2.2,1.7,16.25
48650,2011,11,14,4.8,2.0,17.28
48650,2011,11,15,6.2,1.6,14.85
48650,2011,11,16,0.0,1.6,15.58
48650,2011,11,17,1.6,1.9,17.98
48650,2011,11,18,0.2,1.2,11.17
48650,2011,11,19,0.0,1.8,19.46
48650,2011,11,20,16.4,1.6,12.95
48650,2011,11,21,0.0,1.5,14.59
48650,2011,11,22,13.8,1.6,14.02
48650,2011,11,23,0.0,1.9,9.71
48650,2011,11,24,4.0,4.3,19.08
48650,2011,11,25,1.0,2.1,17.84
48650,2011,11,26,0.0,2.2,18.00
48650,2011,11,27,19.2,1.7,12.02
48650,2011,11,28,3.0,1.3,11.08
48650,2011,11,29,3.8,1.6,10.08
48650,2011,11,30,0.0,1.1,13.06
48650,2011,12,1,12.0,2.4,12.86
48650,2011,12,2,24.0,2.1,8.41
48650,2011,12,3,0.0,1.3,22.49
48650,2011,12,4,0.0,2.1,16.22
48650,2011,12,5,0.0,1.5,10.65
48650,2011,12,6,0.0,1.3,14.09
48650,2011,12,7,0.0,1.3,17.42
48650,2011,12,8,2.4,1.5,7.32
48650,2011,12,9,0.0,1.6,17.18
48650,2011,12,10,0.0,2.2,17.44
48650,2011,12,11,0.0,3.4,13.75
48650,2011,12,12,0.0,1.8,8.41
48650,2011,12,13,16.8,2.6,16.59
48650,2011,12,14,0.0,1.5,14.01
48650,2011,12,15,1.6,1.8,12.98
48650,2011,12,16,0.4,1.8,13.88
48650,2011,12,17,6.0,2.2,13.06
48650,2011,12,18,0.0,1.5,9.92
48650,2011,12,19,14.4,0.9,7.52
48650,2011,12,20,12.2,1.5,11.11
48650,2011,12,21,1.4,1.6,13.92
48650,2011,12,22,2.6,1.0,3.45
48650,2011,12,23,6.8,1.3,12.18
48650,2011,12,24,4.4,2.3,9.87
48650,2011,12,25,0.0,5.4,19.39
48650,2011,12,26,0.0,5.8,21.29
48650,2011,12,27,3.4,3.0,16.12
48650,2011,12,28,1.2,1.5,13.91
48650,2011,12,29,0.0,3.5,17.83
48650,2011,12,30,0.8,2.0,13.83
48650,2011,12,31,0.4,1.7,15.76
48650,2012,1,1,0.0,1.7,18.82
48650,2012,1,2,0.0,1.6,19.73
48650,2012,1,3,0.0,3.1,22.17
48650,2012,1,4,0.0,3.8,19.36
48650,2012,1,5,0.0,3.1,20.08
48650,2012,1,6,0.0,2.9,19.97
48650,2012,1,7,0.0,2.5,18.85
48650,2012,1,8,0.0,1.5,16.27
48650,2012,1,9,0.0,1.9,13.56
48650,2012,1,10,8.0,1.2,11.02
48650,2012,1,11,0.0,1.5,11.83
48650,2012,1,12,0.0,1.8,7.33
48650,2012,1,13,1.4,1.2,12.59
48650,2012,1,14,0.0,0.7,13.13
48650,2012,1,15,0.0,1.5,17.78
48650,2012,1,16,0.0,1.6,20.98
48650,2012,1,17,12.4,1.5,16.94
48650,2012,1,18,0.6,1.7,16.10
48650,2012,1,19,29.2,1.2,19.94
48650,2012,1,20,1.8,2.1,16.56
48650,2012,1,21,0.0,1.9,16.23
48650,2012,1,22,7.0,2.5,20.80
48650,2012,1,23,12.8,2.4,15.17
48650,2012,1,24,3.6,1.6,19.35
48650,2012,1,25,25.2,1.4,21.01
48650,2012,1,26,0.0,1.8,19.84
48650,2012,1,27,0.0,2.3,20.28
48650,2012,1,28,0.0,1.6,12.44
48650,2012,1,29,18.4,1.3,10.52
48650,2012,1,30,10.0,1.4,16.88
48650,2012,1,31,13.2,2.1,12.63
48650,2012,2,1,0.0,3.3,22.72
48650,2012,2,2,0.8,3.4,17.43
48650,2012,2,3,9.4,1.2,9.77
48650,2012,2,4,0.0,1.9,13.97
48650,2012,2,5,0.0,2.7,23.20
48650,2012,2,6,18.6,1.6,17.83
48650,2012,2,7,0.8,1.4,13.80
48650,2012,2,8,12.8,1.1,17.59
48650,2012,2,9,0.0,2.3,21.14
48650,2012,2,10,0.0,2.7,24.31
48650,2012,2,11,0.0,3.5,23.27
48650,2012,2,12,53.0,2.1,19.84
48650,2012,2,13,13.0,2.3,20.99
48650,2012,2,14,0.0,2.2,20.90
48650,2012,2,15,0.4,1.5,20.07
48650,2012,2,16,0.0,1.6,14.66
48650,2012,2,17,0.4,1.6,15.26
48650,2012,2,18,3.6,1.3,9.44
48650,2012,2,19,0.0,2.0,18.18
48650,2012,2,20,0.0,1.1,17.24
48650,2012,2,21,1.8,1.7,14.36
48650,2012,2,22,0.0,1.4,19.39
48650,2012,2,23,10.0,1.1,20.35
48650,2012,2,24,1.4,1.8,13.81
48650,2012,2,25,0.0,1.2,21.64
48650,2012,2,26,11.6,2.0,15.28
48650,2012,2,27,2.0,2.2,19.83
48650,2012,2,28,7.8,2.2,18.63
48650,2012,2,29,36.2,1.7,12.04
48650,2012,3,1,1.4,2.0,19.19
48650,2012,3,2,40.6,1.8,12.64
48650,2012,3,3,1.4,1.7,20.59
48650,2012,3,4,0.0,1.5,25.73
48650,2012,3,5,0.4,1.0,10.42
48650,2012,3,6,0.0,1.8,18.16
48650,2012,3,7,16.8,1.6,19.55
48650,2012,3,8,1.6,2.4,15.90
48650,2012,3,9,0.0,2.1,19.95
48650,2012,3,10,0.0,1.8,12.51
48650,2012,3,11,18.6,2.1,18.19
48650,2012,3,12,0.0,2.0,6.87
48650,2012,3,13,4.2,1.9,18.76
48650,2012,3,14,0.6,0.9,7.93
48650,2012,3,15,35.2,1.8,15.16
48650,2012,3,16,1.8,1.5,21.17
48650,2012,3,17,0.0,1.7,19.76
48650,2012,3,18,0.0,1.3,16.95
48650,2012,3,19,0.0,1.5,13.65
48650,2012,3,20,0.0,2.0,17.60
48650,2012,3,21,0.0,1.8,18.95
48650,2012,3,22,19.6,1.6,20.09
48650,2012,3,23,0.0,1.7,22.31
48650,2012,3,24,0.0,1.0,18.52
48650,2012,3,25,2.6,1.7,17.51
48650,2012,3,26,0.0,1.6,15.77
48650,2012,3,27,1.2,2.2,25.42
48650,2012,3,28,3.0,1.5,13.69
48650,2012,3,29,14.6,1.3,22.04
48650,2012,3,30,5.6,2.0,22.83
48650,2012,3,31,0.8,2.1,16.68
48650,2012,4,1,0.2,1.7,25.84
48650,2012,4,2,0.0,1.0,20.05
48650,2012,4,3,20.6,1.6,13.38
48650,2012,4,4,0.0,1.5,24.97
48650,2012,4,5,0.0,1.4,30.38
48650,2012,4,6,0.0,1.7,17.98
48650,2012,4,7,0.0,1.5,17.46
48650,2012,4,8,50.0,2.4,25.45
48650,2012,4,9,0.4,1.7,21.01
48650,2012,4,10,0.0,1.9,27.93
48650,2012,4,11,0.6,1.7,22.44
48650,2012,4,12,0.6,1.9,24.39
48650,2012,4,13,1.6,1.9,25.72
48650,2012,4,14,0.0,1.8,11.31
48650,2012,4,15,0.0,1.5,27.44
48650,2012,4,16,0.0,1.6,21.88
48650,2012,4,17,0.6,1.6,25.01
48650,2012,4,18,21.8,2.1,24.62
48650,2012,4,19,0.0,1.4,17.96
48650,2012,4,20,0.0,2.0,21.62
48650,2012,4,21,1.4,2.0,17.83
48650,2012,4,22,0.0,1.8,23.59
48650,2012,4,23,0.8,1.8,23.79
48650,2012,4,24,0.4,1.9,15.47
48650,2012,4,25,16.8,1.4,11.87
48650,2012,4,26,32.8,2.0,28.61
48650,2012,4,27,0.0,1.6,21.98
48650,2012,4,28,0.0,1.5,25.34
48650,2012,4,29,0.6,2.3,28.48
48650,2012,4,30,0.0,1.7,25.25
48650,2012,5,1,0.0,2.1,21.49
48650,2012,5,2,13.6,1.8,8.61
48650,2012,5,3,0.0,1.6,24.48
48650,2012,5,4,11.6,1.5,26.15
48650,2012,5,5,6.2,1.3,16.09
48650,2012,5,6,32.6,1.4,10.69
48650,2012,5,7,0.8,1.9,12.46
48650,2012,5,8,0.0,1.2,25.77
48650,2012,5,9,0.0,1.7,25.71
48650,2012,5,10,0.0,2.0,24.75
48650,2012,5,11,11.2,1.6,20.55
48650,2012,5,12,7.8,1.8,19.99
48650,2012,5,13,0.0,2.1,24.13
48650,2012,5,14,0.0,2.3,27.89
48650,2012,5,15,0.0,2.2,18.71
48650,2012,5,16,0.0,1.9,22.50
48650,2012,5,17,0.0,1.7,-1.11
48650,2012,5,18,0.0,2.1,23.78
48650,2012,5,19,0.0,2.7,23.69
48650,2012,5,20,0.4,2.1,22.03
48650,2012,5,21,0.0,1.4,21.92
48650,2012,5,22,10.2,1.7,17.26
48650,2012,5,23,0.0,1.8,18.37
48650,2012,5,24,14.4,1.7,22.85
48650,2012,5,25,1.4,1.6,12.12
48650,2012,5,26,0.0,2.7,26.53
48650,2012,5,27,0.0,2.7,25.72
48650,2012,5,28,0.0,2.5,26.53
48650,2012,5,29,0.0,2.5,15.65
48650,2012,5,30,0.6,1.9,14.62
48650,2012,5,31,3.4,1.9,17.93
48650,2012,6,1,0.0,1.7,19.40
48650,2012,6,2,0.0,1.5,19.52
48650,2012,6,3,0.0,1.0,20.67
48650,2012,6,4,0.0,1.6,21.32
48650,2012,6,5,0.0,1.9,25.37
48650,2012,6,6,0.0,1.6,20.58
48650,2012,6,7,0.0,1.6,19.76
48650,2012,6,8,1.2,2.4,22.09
48650,2012,6,9,0.6,2.7,12.36
48650,2012,6,10,0.0,2.2,25.37
48650,2012,6,11,0.0,2.1,24.94
48650,2012,6,12,0.0,2.2,26.78
48650,2012,6,13,0.0,2.0,26.61
48650,2012,6,14,0.0,2.0,24.19
48650,2012,6,15,0.0,1.7,22.74
48650,2012,6,16,0.0,1.7,18.59
48650,2012,6,17,11.8,1.8,15.03
48650,2012,6,18,0.0,2.4,24.27
48650,2012,6,19,0.0,2.1,22.82
48650,2012,6,20,0.0,2.6,23.16
48650,2012,6,21,0.0,2.0,13.25
48650,2012,6,22,0.0,2.2,24.98
48650,2012,6,23,1.4,2.0,24.66
48650,2012,6,24,0.0,2.6,-1.11
48650,2012,6,25,0.0,2.0,23.37
48650,2012,6,26,1.4,2.0,16.68
48650,2012,6,27,0.0,1.6,18.55
48650,2012,6,28,0.0,1.3,19.96
48650,2012,6,29,0.0,2.4,24.54
48650,2012,6,30,0.0,2.0,15.97
48650,2012,7,1,0.0,3.0,25.08
48650,2012,7,2,2.0,3.2,23.17
48650,2012,7,3,0.8,1.8,20.32
48650,2012,7,4,45.8,1.3,9.95
48650,2012,7,5,2.0,2.2,22.10
48650,2012,7,6,8.2,2.8,22.93
48650,2012,7,7,0.0,2.5,21.92
48650,2012,7,8,0.0,2.0,22.29
48650,2012,7,9,0.0,2.0,16.76
48650,2012,7,10,0.4,1.6,24.18
48650,2012,7,11,0.6,1.8,10.55
48650,2012,7,12,17.0,2.8,27.74
48650,2012,7,13,0.0,3.4,21.53
48650,2012,7,14,0.0,2.8,19.94
48650,2012,7,15,0.0,3.0,17.87
48650,2012,7,16,8.8,2.3,21.14
48650,2012,7,17,3.6,2.2,15.74
48650,2012,7,18,0.0,1.8,18.20
48650,2012,7,19,0.2,2.0,18.16
48650,2012,7,20,0.0,2.2,23.32
48650,2012,7,21,0.2,2.3,24.10
48650,2012,7,22,29.8,1.3,14.30
48650,2012,7,23,11.0,1.6,24.53
48650,2012,7,24,0.0,1.9,18.96
48650,2012,7,25,0.0,1.8,22.26
48650,2012,7,26,0.0,3.2,25.92
48650,2012,7,27,6.2,3.2,26.34
48650,2012,7,28,0.0,2.4,26.05
48650,2012,7,29,0.0,2.2,25.82
48650,2012,7,30,14.0,2.0,22.52
48650,2012,7,31,6.0,1.6,15.11
48650,2012,8,1,0.8,2.5,24.15
48650,2012,8,2,26.0,2.0,12.22
48650,2012,8,3,0.2,2.0,13.07
48650,2012,8,4,0.0,2.4,19.53
48650,2012,8,5,0.0,2.1,13.18
48650,2012,8,6,0.0,2.5,18.33
48650,2012,8,7,0.0,2.1,25.58
48650,2012,8,8,0.0,2.5,26.12
48650,2012,8,9,0.0,3.6,28.84
48650,2012,8,10,0.0,3.2,27.30
48650,2012,8,11,0.0,2.9,25.35
48650,2012,8,12,0.8,3.0,19.99
48650,2012,8,13,0.0,2.1,27.74
48650,2012,8,14,0.0,1.8,24.74
48650,2012,8,15,0.0,2.1,15.90
48650,2012,8,16,23.2,1.5,10.66
48650,2012,8,17,0.0,1.9,25.25
48650,2012,8,18,0.0,2.4,22.27
48650,2012,8,19,0.4,2.2,26.35
48650,2012,8,20,1.4,2.9,25.04
48650,2012,8,21,0.0,1.8,15.98
48650,2012,8,22,0.0,1.8,21.66
48650,2012,8,23,0.0,2.3,18.08
48650,2012,8,24,31.2,1.8,28.02
48650,2012,8,25,0.0,1.8,23.64
48650,2012,8,26,4.0,1.5,17.34
48650,2012,8,27,4.6,2.0,20.43
48650,2012,8,28,0.0,1.7,16.07
48650,2012,8,29,0.0,2.5,21.66
48650,2012,8,30,0.0,2.2,16.85
48650,2012,8,31,0.0,2.5,19.43
48650,2012,9,1,0.0,2.6,24.03
48650,2012,9,2,0.0,1.9,18.85
48650,2012,9,3,0.0,2.4,17.28
48650,2012,9,4,0.0,2.0,12.64
48650,2012,9,5,41.8,1.6,15.23
48650,2012,9,6,0.0,1.8,24.08
48650,2012,9,7,0.0,2.4,28.04
48650,2012,9,8,0.4,1.9,17.58
48650,2012,9,9,29.4,1.8,26.37
48650,2012,9,10,4.0,2.4,23.30
48650,2012,9,11,69.8,1.8,21.80
48650,2012,9,12,0.0,1.9,15.80
48650,2012,9,13,2.2,2.4,27.56
48650,2012,9,14,0.0,1.8,22.77
48650,2012,9,15,26.0,1.3,18.06
48650,2012,9,16,0.4,1.7,22.85
48650,2012,9,17,0.0,1.6,17.76
48650,2012,9,18,6.6,2.0,26.78
48650,2012,9,19,35.6,1.7,20.30
48650,2012,9,20,0.0,1.7,22.63
48650,2012,9,21,1.6,1.7,22.11
48650,2012,9,22,0.0,2.0,27.55
48650,2012,9,23,6.4,1.8,22.99
48650,2012,9,24,0.0,2.4,24.24
48650,2012,9,25,39.0,1.8,22.59
48650,2012,9,26,10.0,1.2,14.80
48650,2012,9,27,3.0,2.0,25.24
48650,2012,9,28,0.0,1.5,21.85
48650,2012,9,29,0.0,1.6,18.71
48650,2012,9,30,0.0,1.6,25.69
48650,2012,10,1,0.0,1.7,19.93
48650,2012,10,2,0.0,1.9,25.24
48650,2012,10,3,0.2,1.8,18.36
48650,2012,10,4,11.8,2.5,21.33
48650,2012,10,5,0.0,2.4,17.43
48650,2012,10,6,1.6,1.8,24.21
48650,2012,10,7,13.2,2.0,25.21
48650,2012,10,8,0.6,1.7,20.04
48650,2012,10,9,0.0,1.6,22.21
48650,2012,10,10,1.6,2.3,22.37
48650,2012,10,11,10.0,2.3,25.32
48650,2012,10,12,22.2,1.9,22.62
48650,2012,10,13,50.2,1.2,8.85
48650,2012,10,14,5.8,1.3,18.60
48650,2012,10,15,0.0,1.9,24.65
48650,2012,10,16,23.8,1.8,18.78
48650,2012,10,17,21.2,1.7,19.27
48650,2012,10,18,8.6,2.3,20.46
48650,2012,10,19,8.0,1.7,15.10
48650,2012,10,20,0.0,1.4,19.06
48650,2012,10,21,61.4,1.6,16.64
48650,2012,10,22,0.0,0.9,14.59
48650,2012,10,23,0.0,1.6,23.43
48650,2012,10,24,0.0,1.5,26.08
48650,2012,10,25,9.2,2.1,24.18
48650,2012,10,26,0.0,1.9,20.82
48650,2012,10,27,0.0,1.9,26.23
48650,2012,10,28,0.0,1.9,24.65
48650,2012,10,29,18.8,2.0,21.22
48650,2012,10,30,0.0,1.5,16.08
48650,2012,10,31,35.6,1.6,14.49
48650,2012,11,1,14.0,1.6,15.64
48650,2012,11,2,6.2,1.8,16.98
48650,2012,11,3,74.6,1.8,17.80
48650,2012,11,4,7.0,2.0,11.13
48650,2012,11,5,27.4,1.7,17.31
48650,2012,11,6,5.0,1.6,19.52
48650,2012,11,7,42.6,2.2,24.12
48650,2012,11,8,13.4,1.7,18.00
48650,2012,11,9,26.6,1.5,16.78
48650,2012,11,10,9.2,1.8,22.49
48650,2012,11,11,16.6,1.4,14.11
48650,2012,11,12,30.2,1.5,22.70
48650,2012,11,13,44.0,1.9,22.07
48650,2012,11,14,0.0,1.6,26.70
48650,2012,11,15,0.0,1.2,16.60
48650,2012,11,16,14.6,1.7,23.91
48650,2012,11,17,0.2,1.6,10.87
48650,2012,11,18,48.6,1.2,15.60
48650,2012,11,19,29.6,1.3,9.27
48650,2012,11,20,0.0,1.5,21.59
48650,2012,11,21,0.0,2.1,-1.11
48650,2012,11,22,0.4,1.8,19.67
48650,2012,11,23,12.0,1.6,11.81
48650,2012,11,24,1.8,2.2,16.27
48650,2012,11,25,0.4,1.9,19.93
48650,2012,11,26,11.8,1.5,15.85
48650,2012,11,27,1.2,1.8,20.97
48650,2012,11,28,0.2,1.8,18.45
48650,2012,11,29,0.0,1.6,21.27
48650,2012,11,30,0.0,1.6,19.87
48650,2012,12,1,2.8,1.6,15.27
48650,2012,12,2,0.8,2.2,21.61
48650,2012,12,3,10.8,1.3,14.91
48650,2012,12,4,6.4,1.6,17.66
48650,2012,12,5,0.0,1.4,14.34
48650,2012,12,6,3.4,1.5,18.29
48650,2012,12,7,13.2,2.1,20.78
48650,2012,12,8,0.0,1.5,22.05
48650,2012,12,9,8.4,1.8,12.39
48650,2012,12,10,29.2,1.1,14.27
48650,2012,12,11,2.4,1.2,15.93
48650,2012,12,12,5.6,2.1,20.81
48650,2012,12,13,11.0,1.2,18.81
48650,2012,12,14,5.0,1.5,14.64
48650,2012,12,15,0.0,1.8,16.04
48650,2012,12,16,17.2,1.4,13.71
48650,2012,12,17,19.4,1.4,16.12
48650,2012,12,18,21.8,1.0,15.12
48650,2012,12,19,0.0,1.9,21.68
48650,2012,12,20,15.8,1.8,14.54
48650,2012,12,21,2.4,1.4,16.06
48650,2012,12,22,11.8,1.7,21.92
48650,2012,12,23,23.2,1.3,16.98
48650,2012,12,24,1.0,1.0,6.14
48650,2012,12,25,0.0,1.8,10.33
48650,2012,12,26,0.0,2.0,20.30
48650,2012,12,27,0.0,1.6,20.24
48650,2012,12,28,16.0,1.6,18.40
48650,2012,12,29,0.0,1.7,22.19
48650,2012,12,30,0.0,1.7,17.98
48650,2012,12,31,0.0,1.8,14.64
48650,2013,1,1,0.0,1.6,17.96
48650,2013,1,2,0.8,2.0,21.92
48650,2013,1,3,0.0,1.4,19.03
48650,2013,1,4,6.8,1.8,19.56
48650,2013,1,5,0.2,2.2,15.47
48650,2013,1,6,0.0,1.7,25.76
48650,2013,1,7,0.0,2.1,18.92
48650,2013,1,8,0.0,2.8,17.21
48650,2013,1,9,0.8,2.6,15.52
48650,2013,1,10,0.0,2.0,20.07
48650,2013,1,11,3.0,1.7,13.44
48650,2013,1,12,3.8,1.1,21.46
48650,2013,1,13,2.0,1.7,19.46
48650,2013,1,14,0.0,2.1,20.78
48650,2013,1,15,0.0,2.2,17.40
48650,2013,1,16,0.0,2.7,14.14
48650,2013,1,17,0.0,3.2,16.82
48650,2013,1,18,61.0,2.4,19.89
48650,2013,1,19,0.0,1.8,11.91
48650,2013,1,20,62.2,1.8,18.73
48650,2013,1,21,0.0,1.6,19.39
48650,2013,1,22,0.0,3.1,27.23
48650,2013,1,23,13.4,2.7,23.98
48650,2013,1,24,20.6,1.4,19.53
48650,2013,1,25,23.2,2.1,18.14
48650,2013,1,26,0.0,2.1,27.14
48650,2013,1,27,0.0,2.2,23.98
48650,2013,1,28,6.2,1.3,19.03
48650,2013,1,29,0.0,2.9,27.27
48650,2013,1,30,0.0,3.5,28.39
48650,2013,1,31,0.0,1.7,26.19
48650,2013,2,1,0.0,3.4,27.57
48650,2013,2,2,0.0,3.8,28.32
48650,2013,2,3,0.0,2.5,13.84
48650,2013,2,4,16.4,1.6,4.55
48650,2013,2,5,0.0,1.8,11.29
48650,2013,2,6,3.4,1.3,15.02
48650,2013,2,7,52.2,1.1,20.96
48650,2013,2,8,0.0,1.3,16.80
48650,2013,2,9,0.0,1.8,26.29
48650,2013,2,10,0.0,4.0,15.86
48650,2013,2,11,0.0,3.0,20.17
48650,2013,2,12,24.6,2.3,20.84
48650,2013,2,13,0.0,2.9,11.55
48650,2013,2,14,2.4,1.8,15.69
48650,2013,2,15,0.0,1.3,12.27
48650,2013,2,16,6.6,1.5,13.98
48650,2013,2,17,0.0,1.5,13.52
48650,2013,2,18,25.2,2.3,19.87
48650,2013,2,19,0.0,1.6,12.55
48650,2013,2,20,0.0,1.4,18.94
48650,2013,2,21,22.8,2.0,13.84
48650,2013,2,22,0.0,1.7,25.50
48650,2013,2,23,0.0,1.9,21.86
48650,2013,2,24,44.0,2.3,16.36
48650,2013,2,25,2.0,1.8,15.71
48650,2013,2,26,1.8,2.1,16.24
48650,2013,2,27,0.0,1.4,20.95
48650,2013,2,28,0.0,1.3,17.70
48650,2013,3,1,0.0,1.5,30.87
48650,2013,3,2,0.0,1.5,27.70
48650,2013,3,3,0.0,2.0,17.80
48650,2013,3,4,0.0,2.0,28.05
48650,2013,3,5,0.0,3.0,28.30
48650,2013,3,6,0.0,3.1,24.25
48650,2013,3,7,0.0,3.7,29.32
48650,2013,3,8,0.0,2.7,20.85
48650,2013,3,9,10.0,1.5,24.73
48650,2013,3,10,0.0,1.4,21.52
48650,2013,3,11,20.9,1.6,21.34
48650,2013,3,12,0.0,1.6,27.64
48650,2013,3,13,0.0,1.9,24.93
48650,2013,3,14,4.7,1.7,19.10
48650,2013,3,15,0.0,1.9,27.17
48650,2013,3,16,18.0,2.4,25.81
48650,2013,3,17,2.6,1.9,24.03
48650,2013,3,18,0.0,1.6,26.85
48650,2013,3,19,0.6,1.3,22.86
48650,2013,3,20,0.0,2.1,22.29
48650,2013,3,21,0.0,1.9,23.63
48650,2013,3,22,0.8,1.7,26.05
48650,2013,3,23,0.0,2.0,24.84
48650,2013,3,24,0.0,1.6,23.58
48650,2013,3,25,21.8,1.7,24.91
48650,2013,3,26,0.0,1.3,20.73
48650,2013,3,27,7.8,1.5,14.17
48650,2013,3,28,5.0,1.8,18.03
48650,2013,3,29,0.0,1.6,20.48
48650,2013,3,30,0.0,1.5,20.92
48650,2013,3,31,0.0,1.6,23.79
48650,2013,4,1,0.0,1.6,27.09
48650,2013,4,2,0.0,1.7,21.98
48650,2013,4,3,2.0,1.9,16.94
48650,2013,4,4,0.0,1.6,24.65
48650,2013,4,5,0.0,2.2,19.92
48650,2013,4,6,11.1,3.0,16.73
48650,2013,4,7,0.0,2.6,17.74
48650,2013,4,8,0.0,1.8,20.84
48650,2013,4,9,1.8,2.0,-1.11
48650,2013,4,10,41.5,2.0,14.64
48650,2013,4,11,0.0,1.8,18.40
48650,2013,4,12,0.0,1.3,24.76
48650,2013,4,13,0.0,1.3,24.38
48650,2013,4,14,0.0,1.7,13.84
48650,2013,4,15,0.0,1.1,29.26
48650,2013,4,16,0.0,1.6,30.26
48650,2013,4,17,0.0,2.1,25.25
48650,2013,4,18,0.0,2.3,23.00
48650,2013,4,19,9.7,1.9,12.16
48650,2013,4,20,0.0,1.5,24.72
48650,2013,4,21,3.8,1.7,16.26
48650,2013,4,22,0.0,1.7,21.54
48650,2013,4,23,2.0,2.2,14.46
48650,2013,4,24,17.4,2.2,22.48
48650,2013,4,25,0.0,2.4,22.00
48650,2013,4,26,0.0,1.9,19.96
48650,2013,4,27,0.0,2.0,18.08
48650,2013,4,28,0.0,2.1,16.94
48650,2013,4,29,0.0,2.2,22.14
48650,2013,4,30,0.0,2.2,20.39
48650,2013,5,1,0.2,1.2,13.16
48650,2013,5,2,0.0,1.6,22.78
48650,2013,5,3,1.4,1.8,19.04
48650,2013,5,4,2.2,2.4,18.70
48650,2013,5,5,0.0,2.0,21.04
48650,2013,5,6,0.4,2.1,25.71
48650,2013,5,7,4.4,2.1,22.78
48650,2013,5,8,0.0,1.8,28.05
48650,2013,5,9,0.0,2.7,27.16
48650,2013,5,10,0.2,2.8,26.45
48650,2013,5,11,0.4,2.0,27.62
48650,2013,5,12,0.0,2.1,27.90
48650,2013,5,13,0.0,1.6,26.43
48650,2013,5,14,0.0,1.9,23.83
48650,2013,5,15,0.4,1.9,16.43
48650,2013,5,16,0.0,2.1,25.91
48650,2013,5,17,5.4,1.5,6.83
48650,2013,5,18,1.0,2.1,28.49
48650,2013,5,19,0.0,1.6,26.14
48650,2013,5,20,1.2,1.3,-1.11
48650,2013,5,21,0.0,1.6,21.54
48650,2013,5,22,0.0,2.3,25.71
48650,2013,5,23,13.2,1.4,24.32
48650,2013,5,24,1.0,1.8,15.58
48650,2013,5,25,0.0,1.9,24.59
48650,2013,5,26,0.0,1.8,20.93
48650,2013,5,27,0.0,1.7,26.74
48650,2013,5,28,0.2,2.0,23.48
48650,2013,5,29,0.4,2.4,17.59
48650,2013,5,30,0.0,2.3,21.86
48650,2013,5,31,0.0,2.5,24.65
48650,2013,6,1,0.0,2.3,25.59
48650,2013,6,2,0.0,3.3,25.41
48650,2013,6,3,0.0,2.8,27.38
48650,2013,6,4,1.0,1.8,15.45
48650,2013,6,5,0.0,2.4,17.19
48650,2013,6,6,0.8,2.0,22.34
48650,2013,6,7,0.6,2.3,18.80
48650,2013,6,8,0.0,2.1,18.13
48650,2013,6,9,0.8,2.3,22.56
48650,2013,6,10,0.0,2.6,22.09
48650,2013,6,11,0.0,2.0,20.17
48650,2013,6,12,0.0,1.9,24.61
48650,2013,6,13,0.0,1.9,24.34
48650,2013,6,14,0.0,1.5,20.66
48650,2013,6,15,0.0,1.7,18.29
48650,2013,6,16,0.0,1.6,20.00
48650,2013,6,17,0.0,1.5,17.60
48650,2013,6,18,0.0,1.8,25.82
48650,2013,6,19,0.0,2.2,24.99
48650,2013,6,20,0.0,2.0,25.85
48650,2013,6,21,0.0,1.5,19.83
48650,2013,6,22,0.0,1.6,22.07
48650,2013,6,23,0.0,1.8,20.84
48650,2013,6,24,0.0,1.8,20.26
48650,2013,6,25,0.0,2.0,17.29
48650,2013,6,26,0.0,1.8,12.41
48650,2013,6,27,0.0,2.5,23.07
48650,2013,6,28,0.0,2.2,25.32
48650,2013,6,29,0.0,2.6,24.90
48650,2013,6,30,1.0,2.2,15.82
48650,2013,7,1,9.8,2.0,15.30
48650,2013,7,2,26.8,2.0,20.49
48650,2013,7,3,0.0,2.1,21.12
48650,2013,7,4,1.4,2.7,12.72
48650,2013,7,5,0.0,1.8,11.66
48650,2013,7,6,0.0,2.9,24.73
48650,2013,7,7,0.0,3.0,25.70
48650,2013,7,8,0.0,2.3,25.02
48650,2013,7,9,1.4,2.2,12.93
48650,2013,7,10,19.6,2.2,28.01
48650,2013,7,11,0.0,2.2,18.73
48650,2013,7,12,1.8,2.1,21.16
48650,2013,7,13,30.2,2.2,18.48
48650,2013,7,14,0.0,1.7,12.30
48650,2013,7,15,0.0,1.9,16.22
48650,2013,7,16,0.0,2.1,22.82
48650,2013,7,17,23.8,1.4,14.73
48650,2013,7,18,0.0,1.8,10.85
48650,2013,7,19,0.0,2.1,24.32
48650,2013,7,20,0.0,1.3,25.00
48650,2013,7,21,0.0,1.4,24.64
48650,2013,7,22,0.0,1.6,22.47
48650,2013,7,23,0.0,1.9,25.87
48650,2013,7,24,13.0,1.9,13.52
48650,2013,7,25,0.0,2.1,19.53
48650,2013,7,26,2.2,1.7,9.32
48650,2013,7,27,0.0,2.0,23.41
48650,2013,7,28,0.0,1.7,23.30
48650,2013,7,29,0.0,1.7,22.26
48650,2013,7,30,0.0,2.2,26.55
48650,2013,7,31,0.0,1.7,22.96
48650,2013,8,1,0.2,1.3,19.06
48650,2013,8,2,0.0,1.7,19.31
48650,2013,8,3,0.6,2.5,19.17
48650,2013,8,4,0.0,2.5,28.99
48650,2013,8,5,0.0,1.9,13.06
48650,2013,8,6,11.4,1.8,11.49
48650,2013,8,7,11.6,1.2,18.75
48650,2013,8,8,0.0,2.3,22.78
48650,2013,8,9,0.0,2.3,23.32
48650,2013,8,10,0.0,2.0,24.90
48650,2013,8,11,0.0,2.1,14.60
48650,2013,8,12,1.4,1.9,24.32
48650,2013,8,13,0.0,2.1,18.79
48650,2013,8,14,0.0,3.3,27.39
48650,2013,8,15,0.0,4.1,25.87
48650,2013,8,16,0.6,2.8,28.63
48650,2013,8,17,34.0,2.6,27.04
48650,2013,8,18,0.4,2.2,23.27
48650,2013,8,19,43.6,2.3,8.44
48650,2013,8,20,0.0,1.7,23.37
48650,2013,8,21,1.6,1.8,27.14
48650,2013,8,22,35.8,2.2,22.67
48650,2013,8,23,0.0,2.2,16.56
48650,2013,8,24,0.0,2.6,26.06
48650,2013,8,25,0.0,3.3,22.96
48650,2013,8,26,0.0,3.7,23.43
48650,2013,8,27,0.0,3.1,24.67
48650,2013,8,28,0.2,2.9,15.21
48650,2013,8,29,0.0,1.8,20.31
48650,2013,8,30,0.0,1.9,21.42
48650,2013,8,31,1.8,2.2,18.50
48650,2013,9,1,30.4,1.7,17.66
48650,2013,9,2,0.0,1.5,23.06
48650,2013,9,3,3.0,1.9,14.36
48650,2013,9,4,1.2,1.7,25.77
48650,2013,9,5,2.6,1.7,21.15
48650,2013,9,6,21.6,2.4,19.31
48650,2013,9,7,1.4,2.6,19.65
48650,2013,9,8,1.6,1.9,15.13
48650,2013,9,9,4.2,2.2,16.20
48650,2013,9,10,9.4,2.0,10.62
48650,2013,9,11,0.0,1.2,19.11
48650,2013,9,12,0.0,2.2,20.93
48650,2013,9,13,0.0,2.1,17.79
48650,2013,9,14,9.6,2.2,19.60
48650,2013,9,15,0.0,2.3,-1.11
48650,2013,9,16,0.0,1.7,22.86
48650,2013,9,17,0.0,2.0,20.31
48650,2013,9,18,0.0,1.4,22.38
48650,2013,9,19,0.2,1.4,22.20
48650,2013,9,20,0.0,1.6,16.79
48650,2013,9,21,0.0,1.9,25.74
48650,2013,9,22,0.0,2.7,25.56
48650,2013,9,23,8.6,3.1,28.61
48650,2013,9,24,3.2,2.2,26.38
48650,2013,9,25,0.0,2.5,28.10
48650,2013,9,26,0.0,2.0,25.14
48650,2013,9,27,0.0,1.7,10.57
48650,2013,9,28,0.2,1.9,22.75
48650,2013,9,29,0.0,2.6,26.01
48650,2013,9,30,0.2,2.3,25.28
48650,2013,10,1,0.0,2.1,21.06
48650,2013,10,2,3.0,2.3,26.72
48650,2013,10,3,0.0,2.0,20.62
48650,2013,10,4,13.2,1.9,25.24
48650,2013,10,5,11.2,3.2,27.54
48650,2013,10,6,7.2,2.8,28.18
48650,2013,10,7,1.8,2.1,28.01
48650,2013,10,8,0.0,1.7,28.95
48650,2013,10,9,0.0,2.1,26.85
48650,2013,10,10,3.4,1.9,17.92
48650,2013,10,11,17.6,1.0,16.56
48650,2013,10,12,14.8,2.2,13.74
48650,2013,10,13,0.0,3.3,21.05
48650,2013,10,14,7.2,2.1,24.07
48650,2013,10,15,2.6,2.0,21.54
48650,2013,10,16,0.2,1.8,25.73
48650,2013,10,17,0.0,2.0,25.82
48650,2013,10,18,10.6,1.9,17.78
48650,2013,10,19,2.2,2.0,13.21
48650,2013,10,20,0.0,2.5,22.34
48650,2013,10,21,0.0,2.7,19.88
48650,2013,10,22,0.0,2.0,27.16
48650,2013,10,23,1.0,1.6,16.48
48650,2013,10,24,1.0,1.6,19.76
48650,2013,10,25,6.4,1.9,19.54
48650,2013,10,26,0.0,1.7,26.47
48650,2013,10,27,36.8,1.9,13.00
48650,2013,10,28,12.2,1.5,27.08
48650,2013,10,29,0.0,2.1,26.93
48650,2013,10,30,0.0,1.5,22.28
48650,2013,10,31,3.4,1.7,-1.11
48650,2013,11,1,2.8,1.7,19.29
48650,2013,11,2,21.2,1.7,18.60
48650,2013,11,3,32.2,2.0,18.68
48650,2013,11,4,1.6,1.2,21.58
48650,2013,11,5,0.0,1.9,15.39
48650,2013,11,6,1.2,1.4,17.04
48650,2013,11,7,1.4,1.9,26.31
48650,2013,11,8,7.6,1.6,15.94
48650,2013,11,9,3.4,1.5,20.66
48650,2013,11,10,13.0,1.5,16.52
48650,2013,11,11,1.6,1.9,22.70
48650,2013,11,12,0.0,2.3,25.08
48650,2013,11,13,0.4,1.4,25.35
48650,2013,11,14,3.4,1.9,21.60
48650,2013,11,15,1.0,1.9,21.78
48650,2013,11,16,27.8,1.6,20.93
48650,2013,11,17,0.0,1.6,14.85
48650,2013,11,18,11.4,1.7,15.88
48650,2013,11,19,33.4,2.0,15.84
48650,2013,11,20,3.0,2.0,-1.11
48650,2013,11,21,0.0,1.8,15.16
48650,2013,11,22,0.2,1.7,20.75
48650,2013,11,23,5.8,2.1,23.45
48650,2013,11,24,0.0,1.4,21.26
48650,2013,11,25,58.8,1.9,20.74
48650,2013,11,26,0.0,2.0,22.79
48650,2013,11,27,10.8,2.1,15.85
48650,2013,11,28,41.2,1.7,19.73
48650,2013,11,29,1.2,2.1,18.99
48650,2013,11,30,10.0,1.6,17.32
48650,2013,12,1,1.4,1.1,8.76
48650,2013,12,2,12.4,1.7,2.66
48650,2013,12,3,48.0,1.5,11.79
48650,2013,12,4,0.0,1.6,6.20
48650,2013,12,5,4.6,1.8,13.51
48650,2013,12,6,1.6,3.5,19.31
48650,2013,12,7,0.4,1.7,16.66
48650,2013,12,8,0.0,2.4,18.84
48650,2013,12,9,0.0,2.0,20.07
48650,2013,12,10,1.4,1.5,17.83
48650,2013,12,11,23.0,1.5,17.00
48650,2013,12,12,0.0,1.6,15.55
48650,2013,12,13,0.2,1.2,23.18
48650,2013,12,14,4.2,1.8,17.08
48650,2013,12,15,0.0,1.6,23.74
48650,2013,12,16,0.0,2.0,17.20
48650,2013,12,17,0.0,2.4,22.83
48650,2013,12,18,0.0,2.8,27.08
48650,2013,12,19,38.8,2.1,21.85
48650,2013,12,20,3.2,1.5,14.47
48650,2013,12,21,0.0,1.6,15.23
48650,2013,12,22,2.2,1.8,18.68
48650,2013,12,23,16.6,2.0,16.72
48650,2013,12,24,5.0,1.6,12.80
48650,2013,12,25,5.2,1.5,16.73
48650,2013,12,26,0.0,2.1,19.72
48650,2013,12,27,0.0,2.8,19.11
48650,2013,12,28,0.0,4.3,20.77
48650,2013,12,29,11.4,3.2,19.43
48650,2013,12,30,0.0,1.8,14.22
48650,2013,12,31,0.0,4.0,22.50
48650,2014,1,1,0.0,3.1,20.54
48650,2014,1,2,0.0,2.9,25.48
48650,2014,1,3,59.6,2.7,16.57
48650,2014,1,4,1.0,1.5,15.36
48650,2014,1,5,5.8,1.3,16.02
48650,2014,1,6,1.0,1.8,20.08
48650,2014,1,7,0.4,1.8,18.04
48650,2014,1,8,0.0,1.8,21.95
48650,2014,1,9,11.8,1.1,17.92
48650,2014,1,10,0.0,1.9,9.03
48650,2014,1,11,0.0,2.4,20.82
48650,2014,1,12,4.8,1.9,16.08
48650,2014,1,13,0.2,2.3,18.09
48650,2014,1,14,0.0,2.9,14.55
48650,2014,1,15,0.0,2.3,17.29
48650,2014,1,16,0.0,3.2,16.68
48650,2014,1,17,0.0,3.5,17.00
48650,2014,1,18,0.0,4.9,12.52
48650,2014,1,19,0.0,3.5,21.20
48650,2014,1,20,0.0,2.5,14.04
48650,2014,1,21,0.0,2.4,19.15
48650,2014,1,22,0.0,2.2,9.56
48650,2014,1,23,0.0,3.1,21.20
48650,2014,1,24,0.0,2.5,17.91
48650,2014,1,25,0.0,2.2,19.20
48650,2014,1,26,0.0,1.5,18.62
48650,2014,1,27,0.0,2.1,20.32
48650,2014,1,28,0.0,2.6,8.23
48650,2014,1,29,0.0,3.3,23.24
48650,2014,1,30,0.0,3.9,28.44
48650,2014,1,31,0.0,2.9,30.80
48650,2014,2,1,0.0,1.7,27.80
48650,2014,2,2,0.0,2.2,19.32
48650,2014,2,3,0.0,2.3,24.87
48650,2014,2,4,0.0,2.0,27.68
48650,2014,2,5,0.0,2.1,23.95
48650,2014,2,6,0.0,1.9,24.55
48650,2014,2,7,0.0,1.9,26.06
48650,2014,2,8,0.0,1.8,22.72
48650,2014,2,9,0.0,1.9,24.08
48650,2014,2,10,0.0,2.0,26.72
48650,2014,2,11,0.0,1.8,26.88
48650,2014,2,12,0.0,2.0,22.34
48650,2014,2,13,0.0,2.6,22.43
48650,2014,2,14,0.0,3.2,25.33
48650,2014,2,15,0.0,3.2,27.81
48650,2014,2,16,1.4,2.4,20.29
48650,2014,2,17,0.0,2.4,24.74
48650,2014,2,18,0.0,1.7,25.63
48650,2014,2,19,0.0,1.7,23.67
48650,2014,2,20,2.2,4.0,19.90
48650,2014,2,21,0.0,3.3,23.24
48650,2014,2,22,0.0,3.8,26.93
48650,2014,2,23,0.0,3.9,28.85
48650,2014,2,24,0.0,3.1,28.08
48650,2014,2,25,0.0,2.1,22.51
48650,2014,2,26,0.0,2.2,22.73
48650,2014,2,27,0.0,3.5,22.14
48650,2014,2,28,0.0,2.8,28.39
48650,2014,3,1,0.0,1.9,25.04
48650,2014,3,2,0.0,2.1,23.67
48650,2014,3,3,0.0,1.7,21.44
48650,2014,3,4,0.0,1.8,20.69
48650,2014,3,5,0.0,1.9,26.10
48650,2014,3,6,0.0,3.0,26.57
48650,2014,3,7,0.0,2.4,26.20
48650,2014,3,8,0.0,1.8,28.19
48650,2014,3,9,0.0,2.4,24.73
48650,2014,3,10,0.0,2.4,24.07
48650,2014,3,11,0.0,4.3,30.35
48650,2014,3,12,0.0,3.4,24.11
48650,2014,3,13,0.0,1.8,18.91
48650,2014,3,14,0.0,1.7,19.96
48650,2014,3,15,12.6,3.2,21.67
48650,2014,3,16,15.6,2.1,12.21
48650,2014,3,17,2.8,1.2,18.73
48650,2014,3,18,29.6,0.9,9.31
48650,2014,3,19,0.0,1.9,27.44
48650,2014,3,20,11.4,1.7,15.79
48650,2014,3,21,0.4,1.9,22.11
48650,2014,3,22,0.0,2.0,27.25
48650,2014,3,23,0.0,3.4,29.02
48650,2014,3,24,0.0,2.8,28.86
48650,2014,3,25,0.0,2.8,31.60
48650,2014,3,26,0.0,2.5,23.45
48650,2014,3,27,0.0,1.7,24.05
48650,2014,3,28,6.0,1.8,21.65
48650,2014,3,29,17.0,1.8,17.66
48650,2014,3,30,0.0,1.7,27.21
48650,2014,3,31,0.0,1.7,23.11
48650,2014,4,1,0.0,1.7,22.14
48650,2014,4,2,0.0,1.9,25.02
48650,2014,4,3,22.2,1.9,14.97
48650,2014,4,4,0.2,1.7,25.34
48650,2014,4,5,14.2,1.7,7.76
48650,2014,4,6,0.0,1.7,19.31
48650,2014,4,7,14.6,2.2,23.77
48650,2014,4,8,0.0,1.5,25.57
48650,2014,4,9,0.0,2.0,-1.11
48650,2014,4,10,14.0,1.3,13.36
48650,2014,4,11,3.2,2.1,25.51
48650,2014,4,12,0.6,1.9,18.87
48650,2014,4,13,0.0,2.0,19.25
48650,2014,4,14,2.0,2.1,20.74
48650,2014,4,15,1.2,2.0,21.95
48650,2014,4,16,4.8,1.8,20.27
48650,2014,4,17,0.0,1.6,26.08
48650,2014,4,18,0.0,1.4,12.54
48650,2014,4,19,0.0,2.0,26.74
48650,2014,4,20,1.6,1.9,15.00
48650,2014,4,21,0.0,1.6,21.50
48650,2014,4,22,0.2,1.9,21.27
48650,2014,4,23,14.0,1.8,23.18
48650,2014,4,24,34.6,1.8,8.94
48650,2014,4,25,1.0,1.6,28.24
48650,2014,4,26,0.0,1.8,26.22
48650,2014,4,27,0.0,2.2,22.56
48650,2014,4,28,0.8,1.6,19.49
48650,2014,4,29,0.0,1.9,18.18
48650,2014,4,30,17.2,1.6,15.08
48650,2014,5,1,0.0,1.5,18.75
48650,2014,5,2,0.0,1.5,22.51
48650,2014,5,3,0.0,1.9,22.32
48650,2014,5,4,0.0,1.7,20.78
48650,2014,5,5,22.8,1.6,26.62
48650,2014,5,6,0.0,1.9,22.99
48650,2014,5,7,29.4,2.4,25.54
48650,2014,5,8,0.0,1.4,19.92
48650,2014,5,9,0.2,1.7,24.55
48650,2014,5,10,0.0,2.3,21.31
48650,2014,5,11,3.0,1.7,21.34
48650,2014,5,12,0.0,1.9,22.61
48650,2014,5,13,0.0,1.7,26.12
48650,2014,5,14,72.6,1.5,8.40
48650,2014,5,15,3.8,1.3,-1.11
48650,2014,5,16,0.0,1.4,18.66
48650,2014,5,17,60.6,1.1,9.77
48650,2014,5,18,4.4,1.4,-1.11
48650,2014,5,19,0.6,1.7,25.75
48650,2014,5,20,4.2,2.2,12.64
48650,2014,5,21,0.0,1.8,26.40
48650,2014,5,22,20.6,2.1,22.83
48650,2014,5,23,0.0,1.8,18.19
48650,2014,5,24,0.0,1.7,27.86
48650,2014,5,25,0.0,1.9,25.60
48650,2014,5,26,35.2,2.0,25.15
48650,2014,5,27,23.8,1.3,13.64
48650,2014,5,28,0.0,2.0,26.32
48650,2014,5,29,0.0,1.8,14.01
48650,2014,5,30,0.0,1.9,19.41
48650,2014,5,31,1.6,1.4,24.74
48650,2014,6,1,0.0,1.7,20.48
48650,2014,6,2,0.0,2.2,22.99
48650,2014,6,3,49.8,1.8,13.59
48650,2014,6,4,9.2,2.0,14.61
48650,2014,6,5,0.0,1.7,21.53
48650,2014,6,6,0.0,2.6,22.44
48650,2014,6,7,0.0,3.8,26.51
48650,2014,6,8,0.0,3.2,26.52
48650,2014,6,9,0.0,2.3,27.88
48650,2014,6,10,1.4,1.3,21.05
48650,2014,6,11,0.0,1.7,19.97
48650,2014,6,12,0.6,1.9,25.80
48650,2014,6,13,0.8,2.1,24.93
48650,2014,6,14,0.0,1.8,15.82
48650,2014,6,15,0.0,2.0,20.88
48650,2014,6,16,0.0,2.0,24.97
48650,2014,6,17,0.0,1.7,20.49
48650,2014,6,18,0.0,1.9,27.96
48650,2014,6,19,0.0,2.2,20.38
48650,2014,6,20,0.0,2.1,27.74
48650,2014,6,21,0.0,1.6,26.97
48650,2014,6,22,0.0,1.8,22.92
48650,2014,6,23,0.0,1.6,19.09
48650,2014,6,24,0.0,1.4,21.15
48650,2014,6,25,0.0,2.6,23.86
48650,2014,6,26,0.0,2.1,24.17
48650,2014,6,27,0.0,2.2,21.14
48650,2014,6,28,0.0,1.6,17.74
48650,2014,6,29,25.8,1.6,14.81
48650,2014,6,30,0.6,1.7,24.04
48650,2014,7,1,0.0,1.9,15.86
48650,2014,7,2,0.0,2.0,20.50
48650,2014,7,3,0.0,1.9,21.76
48650,2014,7,4,23.2,2.5,27.21
48650,2014,7,5,1.6,2.6,23.64
48650,2014,7,6,0.0,1.6,18.18
48650,2014,7,7,4.4,2.3,25.16
48650,2014,7,8,0.0,1.7,24.08
48650,2014,7,9,0.4,1.9,22.82
48650,2014,7,10,4.4,2.1,16.39
48650,2014,7,11,17.2,1.7,9.21
48650,2014,7,12,0.0,1.6,17.48
48650,2014,7,13,0.0,1.9,23.84
48650,2014,7,14,0.0,2.0,20.63
48650,2014,7,15,0.0,2.0,25.97
48650,2014,7,16,1.0,1.4,15.21
48650,2014,7,17,0.0,1.7,18.37
48650,2014,7,18,0.0,1.7,28.82
48650,2014,7,19,0.0,1.7,26.77
48650,2014,7,20,0.0,1.6,26.89
48650,2014,7,21,0.0,1.5,25.47
48650,2014,7,22,0.0,2.5,24.55
48650,2014,7,23,0.0,2.7,23.02
48650,2014,7,24,0.0,2.7,23.86
48650,2014,7,25,0.0,1.8,26.07
48650,2014,7,26,0.0,1.9,25.44
48650,2014,7,27,0.0,1.8,20.87
48650,2014,7,28,5.2,1.5,20.86
48650,2014,7,29,1.0,1.9,8.13
48650,2014,7,30,0.2,2.0,19.89
48650,2014,7,31,1.2,2.1,21.35
48650,2014,8,1,0.0,1.5,25.34
48650,2014,8,2,0.0,2.8,26.82
48650,2014,8,3,0.0,2.8,24.46
48650,2014,8,4,0.0,2.1,26.09
48650,2014,8,5,0.0,3.5,29.05
48650,2014,8,6,14.0,2.3,14.62
48650,2014,8,7,0.0,2.1,26.50
48650,2014,8,8,2.8,2.5,15.38
48650,2014,8,9,0.0,3.9,22.81
48650,2014,8,10,0.0,2.5,22.96
48650,2014,8,11,1.0,1.9,23.99
48650,2014,8,12,3.6,1.8,17.58
48650,2014,8,13,10.0,1.1,12.60
48650,2014,8,14,9.0,2.0,21.79
48650,2014,8,15,0.0,2.2,27.41
48650,2014,8,16,41.2,1.7,20.07
48650,2014,8,17,0.0,1.9,28.34
48650,2014,8,18,4.0,1.9,25.96
48650,2014,8,19,0.0,1.8,21.75
48650,2014,8,20,21.4,2.1,25.77
48650,2014,8,21,0.0,1.9,26.22
48650,2014,8,22,0.0,2.7,22.67
48650,2014,8,23,11.8,2.5,-1.11
48650,2014,8,24,0.0,1.7,20.78
48650,2014,8,25,5.4,1.6,14.76
48650,2014,8,26,0.0,2.0,27.03
48650,2014,8,27,0.0,2.4,20.39
48650,2014,8,28,19.0,1.3,9.14
48650,2014,8,29,0.0,1.8,13.80
48650,2014,8,30,0.4,2.6,27.20
48650,2014,8,31,0.0,2.4,26.38
